match_id,date,kickoff_time_utc,stage_name,stadium_name,city,country,home_team_name,home_fifa_code,away_team_name,away_fifa_code,home_score,away_score,home_penalty_score,away_penalty_score,status,result_type,home_xg,away_xg,home_goalkeeper,away_goalkeeper,player_of_the_match_name,referee_name
1,2026-06-11,19:00,Group Stage,Mexico City Stadium (Estadio Azteca),Mexico City,MEX,Mexico,MEX,South Africa,RSA,2,0,,,Completed,Regular,1.84,0.52,José Raúl Rangel,Ronwen Hayden Williams,Julián Andrés Quinones,Szymon Marciniak
2,2026-06-11,23:00,Group Stage,Guadalajara Stadium (Estadio Akron),Zapopan,MEX,South Korea,KOR,Czechia,CZE,2,1,,,Completed,Regular,1.45,1.12,Seunggyu Kim,Mat ě j Kovar,Inbeom Hwang,Daniele Orsato
3,2026-06-12,19:00,Group Stage,Toronto Stadium (BMO Field),Toronto,CAN,Canada,CAN,Bosnia and Herzegovina,BIH,1,1,,,Completed,Regular,1.35,0.98,Maxime Crepeau,Nikola Vasilj,Ismaël Kenneth Jordan Kone,Michael Oliver
4,2026-06-12,23:00,Group Stage,Los Angeles Stadium (SoFi Stadium),Inglewood,USA,USA,USA,Paraguay,PAR,4,1,,,Completed,Regular,2.76,0.88,Matthew Andrew Geary Freese,Orlando Daniel Gill,Folarin Jolaoluwa Balogun,Anthony Taylor
5,2026-06-13,15:00,Group Stage,Boston Stadium (Gillette Stadium),Foxborough,USA,Qatar,QAT,Switzerland,SUI,1,1,,,Completed,Regular,0.78,1.54,Ibrahim Mahmoud Abunada,Gregor Kobel,Ibrahim Mahmoud Abunada,Clément Turpin
6,2026-06-13,18:00,Group Stage,New York New Jersey Stadium (MetLife Stadium),East Rutherford,USA,Brazil,BRA,Morocco,MAR,1,1,,,Completed,Regular,1.62,1.1,Ramsés Alisson,Yassine Bounou,José Vinicius,Danny Makkelie
7,2026-06-13,21:00,Group Stage,Philadelphia Stadium (Lincoln Financial Field),Philadelphia,USA,Haiti,HAI,Scotland,SCO,0,1,,,Completed,Regular,1.25,0.65,Johny Placide,Angus Fraser James Gunn,Mc,Jesús Valenzuela
8,2026-06-13,23:59,Group Stage,Seattle Stadium (Lumen Field),Seattle,USA,Australia,AUS,Türkiye,TUR,2,0,,,Completed,Regular,1.48,0.72,Patrick Thomas Beach,Ugurcan Cakir,Nestory Irankunda,Wilton Sampaio
9,2026-06-14,15:00,Group Stage,Atlanta Stadium (Mercedes-Benz Stadium),Atlanta,USA,Germany,GER,Curaçao,CUW,7,1,,,Completed,Regular,4.82,0.44,Manuel Peter Neuer,Eloy Victor Room,Kai Lukas Havertz,César Arturo Ramos
10,2026-06-14,18:00,Group Stage,San Francisco Bay Area Stadium (Levi's Stadium),Santa Clara,USA,Netherlands,NED,Japan,JPN,2,2,,,Completed,Regular,1.95,1.82,Bart Verbruggen,Zion Suzuki,Virgil Van Dijk,Ivan Barton
11,2026-06-14,21:00,Group Stage,Houston Stadium (NRG Stadium),Houston,USA,Côte d'Ivoire,CIV,Ecuador,ECU,1,0,,,Completed,Regular,1.1,0.95,Yahia Fofana,Hernán Ismael Galindez,Yan Diomande,Mustapha Ghorbal
12,2026-06-14,23:59,Group Stage,Kansas City Stadium (Arrowhead Stadium),Kansas City,USA,Sweden,SWE,Tunisia,TUN,5,1,,,Completed,Regular,3.12,0.78,Bo Kristoffer Nordfeldt,Abdelmouhib Chamakh,Alexander Isak,Victor Gomes
13,2026-06-15,15:00,Group Stage,Miami Stadium (Hard Rock Stadium),Miami Gardens,USA,Spain,ESP,Cabo Verde,CPV,0,0,,,Completed,Regular,2.15,0.35,Unai Simon,José Vozinha,José Vozinha,Ma Ning
14,2026-06-15,18:00,Group Stage,Dallas Stadium (AT&T Stadium),Arlington,USA,Belgium,BEL,Egypt,EGY,1,1,,,Completed,Regular,1.58,1.12,Thibaut Nicolas Courtois,Abdelaziz Mohame Mostafa,Ashour Metwaly Emam,Alireza Faghani
15,2026-06-15,21:00,Group Stage,Monterrey Stadium (Estadio BBVA),Guadalupe,MEX,Saudi Arabia,KSA,Uruguay,URU,1,1,,,Completed,Regular,0.85,1.76,Khalil Mohammed Alowais,Nestor Fernando Muslera,Khalil Mohammed Alowais,Yoshimi Yamashita
16,2026-06-15,23:59,Group Stage,Vancouver Stadium (BC Place),Vancouver,CAN,IR Iran,IRN,New Zealand,NZL,2,2,,,Completed,Regular,1.88,1.2,Ali Reza Beiranvand,Maxime Teremoana Crocombe,Ramin Rezaeian,Facundo Tello
17,2026-06-16,15:00,Group Stage,New York New Jersey Stadium (MetLife Stadium),East Rutherford,USA,France,FRA,Senegal,SEN,3,1,,,Completed,Regular,2.44,1.05,Mike Peterson Maignan,Edouard Osoque Mendy,Michael Akpovie Olise,Szymon Marciniak
18,2026-06-16,18:00,Group Stage,Boston Stadium (Gillette Stadium),Foxborough,USA,Iraq,IRQ,Norway,NOR,1,4,,,Completed,Regular,0.68,2.85,Hasan Hachim Jalal Hassan,Ørjan Haskjold Nyland,Erling Braut Haaland,Daniele Orsato
19,2026-06-16,21:00,Group Stage,Los Angeles Stadium (SoFi Stadium),Inglewood,USA,Argentina,ARG,Algeria,ALG,3,0,,,Completed,Regular,2.65,0.42,Damián Emiliano Martinez,Luca Zinedine Zidane,Lionel Andrés Messi,Michael Oliver
20,2026-06-16,23:59,Group Stage,San Francisco Bay Area Stadium (Levi's Stadium),Santa Clara,USA,Austria,AUT,Jordan,JOR,3,1,,,Completed,Regular,1.98,0.88,Alexander Schlager,Ra'ed Mahmoud Abdallah Alfakhori,Iyad Ali Ali Olwan,Anthony Taylor
21,2026-06-17,15:00,Group Stage,Atlanta Stadium (Mercedes-Benz Stadium),Atlanta,USA,Portugal,POR,Congo DR,COD,1,1,,,Completed,Regular,1.78,1.15,Diogo Diogo Costa,Lionel Nzau Mpasi,Pedro Joao Neves,Clément Turpin
22,2026-06-17,18:00,Group Stage,Miami Stadium (Hard Rock Stadium),Miami Gardens,USA,England,ENG,Croatia,CRO,4,2,,,Completed,Regular,2.92,1.64,Jordan Lee Pickford,Dominik Livakovic,Harry Edward Kane,Danny Makkelie
23,2026-06-17,21:00,Group Stage,Houston Stadium (NRG Stadium),Houston,USA,Ghana,GHA,Panama,PAN,1,0,,,Completed,Regular,1.3,0.75,Lawrence Ati Zigi,Orlando Mosquera,Antoine Serlom Semenyo,Jesús Valenzuela
24,2026-06-17,23:59,Group Stage,Seattle Stadium (Lumen Field),Seattle,USA,Uzbekistan,UZB,Colombia,COL,1,3,,,Completed,Regular,0.95,2.1,Utkir Yusupov,Camilo Andres Vargas,Luis Fernando Diaz,Wilton Sampaio
25,2026-06-18,15:00,Group Stage,Atlanta Stadium (Mercedes-Benz Stadium),Atlanta,USA,Mexico,MEX,South Korea,KOR,1,0,,,Completed,Regular,1.62,0.58,José Raúl Rangel,Seunggyu Kim,Luis Francisco Romo,César Arturo Ramos
26,2026-06-18,18:00,Group Stage,Los Angeles Stadium (SoFi Stadium),Inglewood,USA,Czechia,CZE,South Africa,RSA,1,1,,,Completed,Regular,1.35,1.15,Mat ě j Kovar,Ronwen Hayden Williams,Michal Sadilek,Ivan Barton
27,2026-06-18,21:00,Group Stage,Vancouver Stadium (BC Place),Vancouver,CAN,Canada,CAN,Qatar,QAT,6,0,,,Completed,Regular,3.82,0.22,Maxime Crepeau,Ibrahim Mahmoud Abunada,Jonathan Christian David,Mustapha Ghorbal
28,2026-06-18,23:59,Group Stage,Mexico City Stadium (Estadio Azteca),Mexico City,MEX,Switzerland,SUI,Bosnia and Herzegovina,BIH,4,1,,,Completed,Regular,2.45,0.88,Gregor Kobel,Nikola Vasilj,Johan Kula Manzambi,Victor Gomes
29,2026-06-19,15:00,Group Stage,New York New Jersey Stadium (MetLife Stadium),East Rutherford,USA,Brazil,BRA,Haiti,HAI,3,0,,,Completed,Regular,1.16,0.9,Ramsés Alisson,Johny Placide,Matheus Matheus Cunha,Ma Ning
30,2026-06-19,18:00,Group Stage,Dallas Stadium (AT&T Stadium),Arlington,USA,Scotland,SCO,Morocco,MAR,0,1,,,Completed,Regular,0.97,0.54,Angus Fraser James Gunn,Yassine Bounou,Ismael Saibari,Alireza Faghani
31,2026-06-19,21:00,Group Stage,Toronto Stadium (BMO Field),Toronto,CAN,USA,USA,Australia,AUS,2,0,,,Completed,Regular,1.21,0.32,Matthew Andrew Geary Freese,Patrick Thomas Beach,Folarin Jolaoluwa Balogun,Yoshimi Yamashita
32,2026-06-19,23:59,Group Stage,Monterrey Stadium (Estadio BBVA),Guadalupe,MEX,Türkiye,TUR,Paraguay,PAR,0,1,,,Completed,Regular,0.4,0.3,Ugurcan Cakir,Orlando Daniel Gill,Matias Galarza,Facundo Tello
33,2026-06-20,15:00,Group Stage,Boston Stadium (Gillette Stadium),Foxborough,USA,Germany,GER,Côte d'Ivoire,CIV,2,1,,,Completed,Regular,1.85,0.72,Manuel Peter Neuer,Yahia Fofana,Deniz Undav,Szymon Marciniak
34,2026-06-20,18:00,Group Stage,Kansas City Stadium (Arrowhead Stadium),Kansas City,USA,Ecuador,ECU,Curaçao,CUW,0,0,,,Completed,Regular,1.92,0.08,Hernán Ismael Galindez,Eloy Victor Room,Eloy Victor Room,Daniele Orsato
35,2026-06-20,21:00,Group Stage,Philadelphia Stadium (Lincoln Financial Field),Philadelphia,USA,Netherlands,NED,Sweden,SWE,5,1,,,Completed,Regular,3.45,0.88,Bart Verbruggen,Bo Kristoffer Nordfeldt,Cody Mathès Gakpo,Michael Oliver
36,2026-06-20,23:59,Group Stage,Seattle Stadium (Lumen Field),Seattle,USA,Tunisia,TUN,Japan,JPN,0,4,,,Completed,Regular,0.35,3.12,Aymen Dahmen,Zion Suzuki,Ayase Ueda,Anthony Taylor
37,2026-06-21,15:00,Group Stage,Houston Stadium (NRG Stadium),Houston,USA,Belgium,BEL,IR Iran,IRN,0,0,,,Completed,Regular,1.45,0.62,Thibaut Nicolas Courtois,Ali Reza Beiranvand,Ali Reza Beiranvand,Clément Turpin
38,2026-06-21,18:00,Group Stage,Miami Stadium (Hard Rock Stadium),Miami Gardens,USA,New Zealand,NZL,Egypt,EGY,1,3,,,Completed,Regular,0.55,2.15,Maxime Teremoana Crocombe,Abdelaziz Mohame Mostafa,Hamed Mahrous Mohamed Salah,Danny Makkelie
39,2026-06-21,21:00,Group Stage,San Francisco Bay Area Stadium (Levi's Stadium),Santa Clara,USA,Spain,ESP,Saudi Arabia,KSA,4,0,,,Completed,Regular,3.28,0.25,Unai Simon,Khalil Mohammed Alowais,Mikel Oyarzabal,Jesús Valenzuela
40,2026-06-21,23:59,Group Stage,New York New Jersey Stadium (MetLife Stadium),East Rutherford,USA,Uruguay,URU,Cabo Verde,CPV,2,2,,,Completed,Regular,1.65,1.1,Nestor Fernando Muslera,José Vozinha,José Vozinha,Wilton Sampaio
41,2026-06-22,15:00,Group Stage,Dallas Stadium (AT&T Stadium),Arlington,USA,France,FRA,Iraq,IRQ,3,0,,,Completed,Regular,2.21,0.45,Mike Peterson Maignan,Basil Fadhil Ahmed,Kylian Mbappe,César Arturo Ramos
42,2026-06-22,18:00,Group Stage,Toronto Stadium (BMO Field),Toronto,CAN,Norway,NOR,Senegal,SEN,3,2,,,Completed,Regular,1.95,1.48,Ørjan Haskjold Nyland,Edouard Osoque Mendy,Erling Braut Haaland,Ivan Barton
43,2026-06-22,21:00,Group Stage,Monterrey Stadium (Estadio BBVA),Guadalupe,MEX,Argentina,ARG,Austria,AUT,2,0,,,Completed,Regular,1.78,0.55,Damián Emiliano Martinez,Alexander Schlager,Lionel Andrés Messi,Mustapha Ghorbal
44,2026-06-22,23:59,Group Stage,Boston Stadium (Gillette Stadium),Foxborough,USA,Jordan,JOR,Algeria,ALG,1,2,,,Completed,Regular,0.88,1.92,Mo'ien Hasan Yazeed Abulaila,Luca Zinedine Zidane,Ibrahim Maza,Victor Gomes
45,2026-06-23,15:00,Group Stage,Kansas City Stadium (Arrowhead Stadium),Kansas City,USA,Portugal,POR,Uzbekistan,UZB,5,0,,,Completed,Regular,3.54,0.42,Diogo Diogo Costa,Abduvakhid Nematov,Ronaldo Cristiano Ronaldo,Ma Ning
46,2026-06-23,18:00,Group Stage,Philadelphia Stadium (Lincoln Financial Field),Philadelphia,USA,Colombia,COL,Congo DR,COD,1,0,,,Completed,Regular,1.62,0.58,Camilo Andres Vargas,Lionel Nzau Mpasi,Daniel Munoz,Alireza Faghani
47,2026-06-23,21:00,Group Stage,Seattle Stadium (Lumen Field),Seattle,USA,England,ENG,Ghana,GHA,0,0,,,Completed,Regular,1.12,0.89,Jordan Lee Pickford,Benjamin Asare,Nico Oreilly,Yoshimi Yamashita
48,2026-06-23,23:59,Group Stage,Mexico City Stadium (Estadio Azteca),Mexico City,MEX,Panama,PAN,Croatia,CRO,0,1,,,Completed,Regular,0.42,1.48,Orlando Mosquera,Dominik Livakovic,Ante Budimir,Facundo Tello
49,2026-06-24,18:00,Group Stage,Mexico City Stadium (Estadio Azteca),Mexico City,MEX,Czechia,CZE,Mexico,MEX,0,3,,,Completed,Regular,1.1,1.27,Mat ě j Kovar,José Raúl Rangel,Mateo Chavez,Szymon Marciniak
50,2026-06-24,18:00,Group Stage,Guadalajara Stadium (Estadio Akron),Zapopan,MEX,South Africa,RSA,South Korea,KOR,1,0,,,Completed,Regular,1.26,1.39,Ronwen Hayden Williams,Seunggyu Kim,Thapelo Maseko,Daniele Orsato
51,2026-06-24,22:00,Group Stage,Vancouver Stadium (BC Place),Vancouver,CAN,Switzerland,SUI,Canada,CAN,2,1,,,Completed,Regular,0.71,1.35,Gregor Kobel,Maxime Crepeau,Johan Kula Manzambi,Michael Oliver
52,2026-06-24,22:00,Group Stage,Toronto Stadium (BMO Field),Toronto,CAN,Bosnia and Herzegovina,BIH,Qatar,QAT,3,1,,,Completed,Regular,1.48,0.95,Nikola Vasilj,Ibrahim Mahmoud Abunada,Kerim Alajbegovic,Anthony Taylor
53,2026-06-25,18:00,Group Stage,New York New Jersey Stadium (MetLife Stadium),East Rutherford,USA,Scotland,SCO,Brazil,BRA,0,3,,,Completed,Regular,0.45,2.18,Angus Fraser James Gunn,Ramsés Alisson,José Vinicius,Clément Turpin
54,2026-06-25,18:00,Group Stage,Boston Stadium (Gillette Stadium),Foxborough,USA,Morocco,MAR,Haiti,HAI,4,2,,,Completed,Regular,2.35,1.12,Yassine Bounou,Johny Placide,Achraf Hakimi,Danny Makkelie
55,2026-06-25,22:00,Group Stage,Los Angeles Stadium (SoFi Stadium),Inglewood,USA,Türkiye,TUR,USA,USA,3,2,,,Completed,Regular,1.62,1.45,Ugurcan Cakir,Matthew Charles Turner,Arda Guler,Jesús Valenzuela
56,2026-06-25,22:00,Group Stage,San Francisco Bay Area Stadium (Levi's Stadium),Santa Clara,USA,Paraguay,PAR,Australia,AUS,0,0,,,Completed,Regular,0.55,0.48,Orlando Daniel Gill,Patrick Thomas Beach,Roberto Junior Fernandez,Wilton Sampaio
57,2026-06-26,18:00,Group Stage,Atlanta Stadium (Mercedes-Benz Stadium),Atlanta,USA,Ecuador,ECU,Germany,GER,2,1,,,Completed,Regular,1.28,1.55,Hernán Ismael Galindez,Manuel Peter Neuer,Nilson David Angulo,César Arturo Ramos
58,2026-06-26,18:00,Group Stage,Houston Stadium (NRG Stadium),Houston,USA,Curaçao,CUW,Côte d'Ivoire,CIV,0,2,,,Completed,Regular,0.32,1.68,Eloy Victor Room,Yahia Fofana,Nicolas Pepe,Ivan Barton
59,2026-06-26,22:00,Group Stage,Kansas City Stadium (Arrowhead Stadium),Kansas City,USA,Tunisia,TUN,Netherlands,NED,1,3,,,Completed,Regular,0.62,2.15,Aymen Dahmen,Bart Verbruggen,Brian Ebenezer Adjei Brobbey,Mustapha Ghorbal
60,2026-06-26,22:00,Group Stage,Seattle Stadium (Lumen Field),Seattle,USA,Japan,JPN,Sweden,SWE,1,1,,,Completed,Regular,1.12,0.95,Zion Suzuki,Jacob Mikael Widell Zetterstrom,Daizen Maeda,Victor Gomes
61,2026-06-27,18:00,Group Stage,Dallas Stadium (AT&T Stadium),Arlington,USA,New Zealand,NZL,Belgium,BEL,1,5,,,Completed,Regular,0.48,3.25,Maxime Teremoana Crocombe,Thibaut Nicolas Courtois,Leandro Trossard,Ma Ning
62,2026-06-27,18:00,Group Stage,Monterrey Stadium (Estadio BBVA),Guadalupe,MEX,Egypt,EGY,IR Iran,IRN,1,1,,,Completed,Regular,0.85,0.92,Abdelaziz Mohame Mostafa,Ali Reza Beiranvand,Ramin Rezaeian,Alireza Faghani
63,2026-06-27,22:00,Group Stage,Miami Stadium (Hard Rock Stadium),Miami Gardens,USA,Uruguay,URU,Spain,ESP,0,1,,,Completed,Regular,0.78,1.35,Nestor Fernando Muslera,Unai Simon,Alejandro Baena,Yoshimi Yamashita
64,2026-06-27,22:00,Group Stage,Philadelphia Stadium (Lincoln Financial Field),Philadelphia,USA,Cabo Verde,CPV,Saudi Arabia,KSA,0,0,,,Completed,Regular,0.42,0.38,José Vozinha,Khalil Mohammed Alowais,José Vozinha,Facundo Tello
65,2026-06-26,18:00,Group Stage,Boston Stadium (Gillette Stadium),Foxborough,USA,Norway,NOR,France,FRA,1,4,,,Completed,Regular,1.3,0.96,Egil Selvik,Mike Peterson Maignan,Masour Ousmane Dembele,Szymon Marciniak
66,2026-06-26,18:00,Group Stage,New York New Jersey Stadium (MetLife Stadium),East Rutherford,USA,Senegal,SEN,Iraq,IRQ,5,0,,,Completed,Regular,3.01,0.14,Mory Diaw,Basil Fadhil Ahmed,Iliman Cheikh Baroy Ndiaye,Daniele Orsato
67,2026-06-27,22:00,Group Stage,San Francisco Bay Area Stadium (Levi's Stadium),Santa Clara,USA,Jordan,JOR,Argentina,ARG,1,3,,,Completed,Regular,0.76,2.13,Ra'ed Mahmoud Abdallah Alfakhori,Damián Emiliano Martinez,Lionel Andrés Messi,Michael Oliver
68,2026-06-27,22:00,Group Stage,Los Angeles Stadium (SoFi Stadium),Inglewood,USA,Algeria,ALG,Austria,AUT,3,3,,,Completed,Regular,1.62,1.44,Oussama Benbot,Alexander Schlager,Riyad Karim Mahrez,Anthony Taylor
69,2026-06-28,18:00,Group Stage,Miami Stadium (Hard Rock Stadium),Miami Gardens,USA,Colombia,COL,Portugal,POR,0,0,,,Completed,Regular,1.62,0.73,Camilo Andres Vargas,Diogo Diogo Costa,Diogo Diogo Costa,Clément Turpin
70,2026-06-28,18:00,Group Stage,Atlanta Stadium (Mercedes-Benz Stadium),Atlanta,USA,Congo DR,COD,Uzbekistan,UZB,3,1,,,Completed,Regular,2.35,0.2,Lionel Nzau Mpasi,Abduvakhid Nematov,Yoane Wissa,Danny Makkelie
71,2026-06-28,22:00,Group Stage,New York New Jersey Stadium (MetLife Stadium),East Rutherford,USA,Panama,PAN,England,ENG,0,2,,,Completed,Regular,0.69,1.39,Orlando Mosquera,Jordan Lee Pickford,Jude Victor William Bellingham,Jesús Valenzuela
72,2026-06-28,22:00,Group Stage,Philadelphia Stadium (Lincoln Financial Field),Philadelphia,USA,Croatia,CRO,Ghana,GHA,2,1,,,Completed,Regular,0.42,0.74,Dominik Livakovic,Benjamin Asare,Petar Sucic,Wilton Sampaio
73,2026-06-29,12:00,Round of 32,Los Angeles Stadium (SoFi Stadium),Inglewood,USA,South Africa,RSA,Canada,CAN,0,1,,,Completed,Regular,0.13,1.32,Ronwen Hayden Williams,Maxime Crepeau,Stephen Eustaquio,João Pinheiro
74,2026-06-29,23:00,Round of 32,Houston Stadium (NRG Stadium),Houston,USA,Brazil,BRA,Japan,JPN,2,1,,,Completed,Regular,1.69,0.23,Ramsés Alisson,Zion Suzuki,Henrique,Maurizio Mariani
75,2026-06-30,02:30,Round of 32,Boston Stadium (Gillette Stadium),Foxborough,USA,Germany,GER,Paraguay,PAR,1,1,3,4,Completed,Penalties,0.72,0.42,Manuel Peter Neuer,Orlando Daniel Gill,Orlando Daniel Gill,Jalal Jayed
76,2026-06-30,07:00,Round of 32,Monterrey Stadium (Estadio BBVA),Guadalupe,MEX,Netherlands,NED,Morocco,MAR,1,1,2,3,Completed,Penalties,0.23,1.4,Bart Verbruggen,Yassine Bounou,Issa Laye Lucas Jean Diop,Wilton Sampaio
77,2026-06-30,23:00,Round of 32,Dallas Stadium (AT&T Stadium),Arlington,USA,Côte d'Ivoire,CIV,Norway,NOR,1,2,,,Completed,Regular,1.15,2.02,Yahia Fofana,Ørjan Haskjold Nyland,Antonio Eromonsele Nordby Nusa,Jesús Valenzuela
78,2026-07-01,03:00,Round of 32,New York New Jersey Stadium (MetLife Stadium),East Rutherford,USA,France,FRA,Sweden,SWE,3,0,,,Completed,Regular,3.17,0.67,Mike Peterson Maignan,Jacob Mikael Widell Zetterstrom,Kylian Mbappe,Danny Makkelie
79,2026-07-01,07:00,Round of 32,Mexico City Stadium (Estadio Azteca),Mexico City,MEX,Mexico,MEX,Ecuador,ECU,2,0,,,Completed,Regular,1.02,0.73,José Raúl Rangel,Hernán Ismael Galindez,Julián Andrés Quinones,Slavko Vinčić
80,2026-07-01,22:00,Round of 32,Atlanta Stadium (Mercedes-Benz Stadium),Atlanta,USA,England,ENG,Congo DR,COD,2,1,,,Completed,Regular,2.04,0.76,Jordan Lee Pickford,Lionel Nzau Mpasi,Harry Edward Kane,Adham Makhadmeh
81,2026-07-02,02:00,Round of 32,Seattle Stadium (Lumen Field),Seattle,USA,Belgium,BEL,Senegal,SEN,3,2,,,Completed,AET,1.74,3.58,Thibaut Nicolas Courtois,Mory Diaw,Youri Marion Tielemans,Saíd Martínez
82,2026-07-02,06:00,Round of 32,San Francisco Bay Area Stadium (Levi's Stadium),Santa Clara,USA,USA,USA,Bosnia and Herzegovina,BIH,2,0,,,Completed,Regular,0.92,0.25,Matthew Andrew Geary Freese,Nikola Vasilj,Malik Leon Tillman,Raphael Claus
83,2026-07-03,01:00,Round of 32,Los Angeles Stadium (SoFi Stadium),Inglewood,USA,Spain,ESP,Austria,AUT,3,0,,,Completed,Regular,2.84,0.32,Unai Simon,Alexander Schlager,Mikel Oyarzabal,Glenn Nyberg
84,2026-07-03,05:00,Round of 32,Toronto Stadium (BMO Field),Toronto,CAN,Portugal,POR,Croatia,CRO,2,1,,,Completed,Regular,2.18,1.34,Diogo Diogo Costa,Dominik Livakovic,Ronaldo Cristiano Ronaldo,Espen Eskås
85,2026-07-03,09:00,Round of 32,Vancouver Stadium (BC Place),Vancouver,CAN,Switzerland,SUI,Algeria,ALG,2,0,,,Completed,Regular,2.52,0.73,Gregor Kobel,Luca Zinedine Zidane,Breel Donald Embolo,Yael Falcón
86,2026-07-04,00:00,Round of 32,Dallas Stadium (AT&T Stadium),Arlington,USA,Australia,AUS,Egypt,EGY,1,1,2,4,Completed,Penalties,0.87,1.36,Patrick Thomas Beach,Abdelaziz Mohame Mostafa,Hamed Mahrous Mohamed Salah,Gustavo Tejera
87,2026-07-04,04:00,Round of 32,Miami Stadium (Hard Rock Stadium),Miami Gardens,USA,Argentina,ARG,Cabo Verde,CPV,3,2,,,Completed,AET,2.16,0.46,Damián Emiliano Martinez,José Vozinha,Lionel Andrés Messi,Drew Fischer
88,2026-07-04,07:30,Round of 32,Kansas City Stadium (Arrowhead Stadium),Kansas City,USA,Colombia,COL,Ghana,GHA,1,0,,,Completed,Regular,2.19,0.26,Camilo Andres Vargas,Lawrence Ati Zigi,Jhon Adolfo Arias,Clément Turpin
89,2026-07-04,21:00,Round of 16,Philadelphia Stadium (Lincoln Financial Field),Philadelphia,USA,Paraguay,PAR,France,FRA,0,1,,,Completed,Regular,0.3,1.8,Orlando Daniel Gill,Mike Peterson Maignan,Orlando Daniel Gill,Ma Ning
90,2026-07-04,23:00,Round of 16,Houston Stadium (NRG Stadium),Houston,USA,Canada,CAN,Morocco,MAR,0,3,,,Completed,Regular,0.8,1.2,Maxime Crepeau,Yassine Bounou,Azz-Eddine Ounahi,Ilgiz Tantashev
91,2026-07-05,20:00,Round of 16,Dallas Stadium (AT&T Stadium),Arlington,USA,Brazil,BRA,Norway,NOR,1,2,,,Completed,Regular,2.61,1.05,Ramsés Alisson,Ørjan Haskjold Nyland,Erling Braut Haaland,Ismail Elfath
92,2026-07-06,01:00,Round of 16,Mexico City Stadium (Estadio Azteca),Mexico City,MEX,Mexico,MEX,England,ENG,2,3,,,Completed,Regular,1.88,1.61,José Raúl Rangel,Jordan Lee Pickford,Jude Victor William Bellingham,Alireza Faghani
93,2026-07-06,19:00,Round of 16,Miami Stadium (Hard Rock Stadium),Miami Gardens,USA,Portugal,POR,Spain,ESP,0,1,,,Completed,Regular,0.63,1.69,Diogo Diogo Costa,Unai Simon,Mikel Merino,Ismail Elfath
94,2026-07-07,00:00,Round of 16,San Francisco Bay Area Stadium (Levi's Stadium),Santa Clara,USA,USA,USA,Belgium,BEL,1,4,,,Completed,Regular,0.67,2.15,Matthew Andrew Geary Freese,Thibaut Nicolas Courtois,Charles Marc De Ketelaere,César Arturo Ramos
95,2026-07-07,16:00,Round of 16,Kansas City Stadium (Arrowhead Stadium),Kansas City,USA,Argentina,ARG,Egypt,EGY,3,2,,,Completed,Regular,2.12,1.54,Damián Emiliano Martinez,Abdelaziz Mohame Mostafa,Lionel Andrés Messi,François Letexier
96,2026-07-07,20:00,Round of 16,Seattle Stadium (Lumen Field),Seattle,USA,Switzerland,SUI,Colombia,COL,0,0,4,3,Completed,Penalties,1.15,1.46,Gregor Kobel,Camilo Andres Vargas,Gregor Kobel,Ivan Barton
97,2026-07-09,20:00,Quarter-finals,Boston Stadium (Gillette Stadium),Foxborough,USA,France,FRA,Morocco,MAR,2,0,,,Completed,Regular,3.1,0.13,Mike Peterson Maignan,Yassine Bounou,Kylian Mbappe,Facundo Tello
98,2026-07-10,19:00,Quarter-finals,Los Angeles Stadium (SoFi Stadium),Inglewood,USA,Spain,ESP,Belgium,BEL,2,1,,,Completed,Regular,2.08,0.37,Unai Simon,Thibaut Nicolas Courtois,Lamine Yamal Yamal,Michael Oliver
99,2026-07-11,21:00,Quarter-finals,Miami Stadium (Hard Rock Stadium),Miami Gardens,USA,Norway,NOR,England,ENG,1,2,,,Completed,AET,0.77,0.96,Ørjan Haskjold Nyland,Jordan Lee Pickford,Jude Victor William Bellingham,Clément Turpin
100,2026-07-12,01:00,Quarter-finals,Kansas City Stadium (Arrowhead Stadium),Kansas City,USA,Argentina,ARG,Switzerland,SUI,3,1,,,Completed,AET,2.0,0.53,Damián Emiliano Martinez,Gregor Kobel,Julián Alvarez,João Pinheiro
101,2026-07-14,20:00,Semi-finals,Dallas Stadium (AT&T Stadium),Arlington,USA,France,FRA,Spain,ESP,0,2,,,Completed,Regular,0.3,1.63,Mike Peterson Maignan,Unai Simon,Pedro Antonio Porro,Ivan Barton
102,2026-07-15,20:00,Semi-finals,Atlanta Stadium (Mercedes-Benz Stadium),Atlanta,USA,England,ENG,Argentina,ARG,1,2,,,Completed,Regular,0.54,1.80,Jordan Lee Pickford,Damián Emiliano Martinez,Lionel Andrés Messi,Danny Makkelie
103,2026-07-18,22:00,Third-place match,Miami Stadium (Hard Rock Stadium),Miami Gardens,USA,France,FRA,England,ENG,4,6,,,Completed,Regular,2.88,2.88,Mike Peterson Maignan,Dean Bradley Henderson,Bukayo Ayoyinka Saka,Jesús Valenzuela
104,2026-07-19,20:00,Final,New York New Jersey Stadium (MetLife Stadium),East Rutherford,USA,Spain,ESP,Argentina,ARG,1,0,,,Completed,AET,0.52,0.09,Unai Simón,Damián Emiliano Martínez,Ferran Torres,Slavko Vinčić
