match_id,date,kickoff_time_utc,stage_id,is_knockout,home_team_id,home_team_name,home_fifa_code,home_confederation,away_team_id,away_team_name,away_fifa_code,away_confederation,venue_id,stadium_name,venue_city,venue_country,venue_capacity,venue_elevation_meters,referee_id,referee_name,referee_avg_cards,home_fifa_rank,away_fifa_rank,home_elo,away_elo,home_is_host,away_is_host,home_squad_avg_age,away_squad_avg_age,home_squad_total_caps,away_squad_total_caps,home_squad_total_value_eur,away_squad_total_value_eur,home_squad_avg_value_eur,away_squad_avg_value_eur,home_rest_days,away_rest_days,home_prev_avg_goals_scored,home_prev_avg_goals_conceded,away_prev_avg_goals_scored,away_prev_avg_goals_conceded,home_prev_avg_possession,away_prev_avg_possession,home_prev_avg_shots,away_prev_avg_shots,home_prev_avg_shots_on_target,away_prev_avg_shots_on_target,home_prev_avg_saves,away_prev_avg_saves,home_prev_avg_corners,away_prev_avg_corners,home_prev_avg_fouls,away_prev_avg_fouls,home_prev_avg_offsides,away_prev_avg_offsides,home_prev_avg_xg_scored,home_prev_avg_xg_conceded,away_prev_avg_xg_scored,away_prev_avg_xg_conceded,home_score,away_score,result_type,home_xg,away_xg,match_result
1,2026-06-11,19:00,1,0,1,Mexico,MEX,CONCACAF,2,South Africa,RSA,CAF,1,Mexico City Stadium (Estadio Azteca),Mexico City,MEX,80824,2200.0,1,Szymon Marciniak,4.2,14,60,1810.0,1620.0,1,0,27.900700257989794,26.808403095877427,1237,538,411906509.0,47700000.0,15842558.038461538,1834615.3846153845,10.0,10.0,0.0,0.0,0.0,0.0,50.0,50.0,12.0,12.0,4.0,4.0,3.0,3.0,5.0,5.0,12.0,12.0,2.0,2.0,1.3,1.3,1.3,1.3,2,0,Regular,1.84,0.52,H
2,2026-06-11,23:00,1,0,3,South Korea,KOR,AFC,4,Czechia,CZE,UEFA,7,Guadalajara Stadium (Estadio Akron),Zapopan,MEX,48070,1566.0,2,Daniele Orsato,4.8,22,40,1800.0,1740.0,0,0,28.065708418891173,27.620807665982205,974,738,139050000.0,187141830.0,5348076.923076923,7197762.692307692,10.0,10.0,0.0,0.0,0.0,0.0,50.0,50.0,12.0,12.0,4.0,4.0,3.0,3.0,5.0,5.0,12.0,12.0,2.0,2.0,1.3,1.3,1.3,1.3,2,1,Regular,1.45,1.12,H
3,2026-06-12,19:00,1,0,5,Canada,CAN,CONCACAF,6,Bosnia and Herzegovina,BIH,UEFA,6,Toronto Stadium (BMO Field),Toronto,CAN,30000,76.0,3,Michael Oliver,3.9,33,64,1795.0,1645.0,1,0,26.972674143105355,26.456483967777597,973,613,204233523.0,146400000.0,7855135.5,5630769.230769231,10.0,10.0,0.0,0.0,0.0,0.0,50.0,50.0,12.0,12.0,4.0,4.0,3.0,3.0,5.0,5.0,12.0,12.0,2.0,2.0,1.3,1.3,1.3,1.3,1,1,Regular,1.35,0.98,D
4,2026-06-12,23:00,1,0,13,USA,USA,CONCACAF,14,Paraguay,PAR,CONMEBOL,3,Los Angeles Stadium (SoFi Stadium),Inglewood,USA,70240,30.0,4,Anthony Taylor,4.1,17,54,1850.0,1725.0,1,0,26.904964987100513,29.002579897857103,977,705,378812045.0,135683726.0,14569694.038461538,5218604.846153846,10.0,10.0,0.0,0.0,0.0,0.0,50.0,50.0,12.0,12.0,4.0,4.0,3.0,3.0,5.0,5.0,12.0,12.0,2.0,2.0,1.3,1.3,1.3,1.3,4,1,Regular,2.76,0.88,H
5,2026-06-13,15:00,1,0,7,Qatar,QAT,AFC,8,Switzerland,SUI,UEFA,10,Boston Stadium (Gillette Stadium),Foxborough,USA,65878,87.0,5,Clément Turpin,3.6,56,19,1600.0,1860.0,0,0,29.50771336808298,28.307060495972202,1586,1148,121299976.0,357184518.0,4665383.692307692,13737866.076923076,10.0,10.0,0.0,0.0,0.0,0.0,50.0,50.0,12.0,12.0,4.0,4.0,3.0,3.0,5.0,5.0,12.0,12.0,2.0,2.0,1.3,1.3,1.3,1.3,1,1,Regular,0.78,1.54,D
6,2026-06-13,18:00,1,0,9,Brazil,BRA,CONMEBOL,10,Morocco,MAR,CAF,2,New York New Jersey Stadium (MetLife Stadium),East Rutherford,USA,82500,7.0,6,Danny Makkelie,3.8,6,7,2030.0,1920.0,0,0,29.36302848417838,26.598957510661826,932,723,893232413.0,456754154.0,34355092.807692304,17567467.46153846,10.0,10.0,0.0,0.0,0.0,0.0,50.0,50.0,12.0,12.0,4.0,4.0,3.0,3.0,5.0,5.0,12.0,12.0,2.0,2.0,1.3,1.3,1.3,1.3,1,1,Regular,1.62,1.1,D
7,2026-06-13,21:00,1,0,11,Haiti,HAI,CONCACAF,12,Scotland,SCO,UEFA,14,Philadelphia Stadium (Lincoln Financial Field),Philadelphia,USA,69796,3.0,7,Jesús Valenzuela,4.9,83,39,1530.0,1720.0,0,0,27.508134575896385,29.202443005317754,643,989,61329838.0,125095414.0,2358839.923076923,4811362.076923077,10.0,10.0,0.0,0.0,0.0,0.0,50.0,50.0,12.0,12.0,4.0,4.0,3.0,3.0,5.0,5.0,12.0,12.0,2.0,2.0,1.3,1.3,1.3,1.3,0,1,Regular,1.25,0.65,A
8,2026-06-13,23:59,1,0,15,Australia,AUS,AFC,16,Türkiye,TUR,UEFA,16,Seattle Stadium (Lumen Field),Seattle,USA,69000,3.0,8,Wilton Sampaio,4.5,27,26,1790.0,1780.0,0,0,27.359448217764445,27.67219501921761,751,989,80038893.0,461171375.0,3078418.9615384615,17737360.576923076,10.0,10.0,0.0,0.0,0.0,0.0,50.0,50.0,12.0,12.0,4.0,4.0,3.0,3.0,5.0,5.0,12.0,12.0,2.0,2.0,1.3,1.3,1.3,1.3,2,0,Regular,1.48,0.72,H
9,2026-06-14,15:00,1,0,17,Germany,GER,UEFA,18,Curaçao,CUW,CONCACAF,9,Atlanta Stadium (Mercedes-Benz Stadium),Atlanta,USA,71000,318.0,9,César Arturo Ramos,4.0,10,82,1970.0,1520.0,0,0,28.04675406728795,28.0209550887169,860,635,988741629.0,40068087.0,38028524.192307696,1541080.2692307692,10.0,10.0,0.0,0.0,0.0,0.0,50.0,50.0,12.0,12.0,4.0,4.0,3.0,3.0,5.0,5.0,12.0,12.0,2.0,2.0,1.3,1.3,1.3,1.3,7,1,Regular,4.82,0.44,H
10,2026-06-14,18:00,1,0,21,Netherlands,NED,UEFA,22,Japan,JPN,AFC,15,San Francisco Bay Area Stadium (Levi's Stadium),Santa Clara,USA,68500,8.0,10,Ivan Barton,5.1,8,18,1980.0,1880.0,0,0,27.77444321592166,27.49518243563418,877,823,765217546.0,270850000.0,29431444.076923076,10417307.692307692,10.0,10.0,0.0,0.0,0.0,0.0,50.0,50.0,12.0,12.0,4.0,4.0,3.0,3.0,5.0,5.0,12.0,12.0,2.0,2.0,1.3,1.3,1.3,1.3,2,2,Regular,1.95,1.82,D
11,2026-06-14,21:00,1,0,19,Côte d'Ivoire,CIV,CAF,20,Ecuador,ECU,CONMEBOL,11,Houston Stadium (NRG Stadium),Houston,USA,72220,14.0,11,Mustapha Ghorbal,3.7,38,23,1750.0,1870.0,0,0,25.848996998894332,26.07760753961986,722,785,494766342.0,258787288.0,19029474.692307692,9953357.23076923,10.0,10.0,0.0,0.0,0.0,0.0,50.0,50.0,12.0,12.0,4.0,4.0,3.0,3.0,5.0,5.0,12.0,12.0,2.0,2.0,1.3,1.3,1.3,1.3,1,0,Regular,1.1,0.95,H
12,2026-06-14,23:59,1,0,23,Sweden,SWE,UEFA,24,Tunisia,TUN,CAF,12,Kansas City Stadium (Arrowhead Stadium),Kansas City,USA,76416,264.0,12,Victor Gomes,4.3,25,45,1815.0,1710.0,0,0,27.557099984204708,26.644658558416264,531,596,408522445.0,78914514.0,15712401.73076923,3035173.6153846155,10.0,10.0,0.0,0.0,0.0,0.0,50.0,50.0,12.0,12.0,4.0,4.0,3.0,3.0,5.0,5.0,12.0,12.0,2.0,2.0,1.3,1.3,1.3,1.3,5,1,Regular,3.12,0.78,H
13,2026-06-15,15:00,1,0,29,Spain,ESP,UEFA,30,Cabo Verde,CPV,CAF,13,Miami Stadium (Hard Rock Stadium),Miami Gardens,USA,64767,2.0,13,Ma Ning,5.5,2,67,2120.0,1640.0,0,0,26.747433264887068,29.676407097351653,758,841,2134173029.0,95326451.0,82083578.03846154,3666401.9615384615,10.0,10.0,0.0,0.0,0.0,0.0,50.0,50.0,12.0,12.0,4.0,4.0,3.0,3.0,5.0,5.0,12.0,12.0,2.0,2.0,1.3,1.3,1.3,1.3,0,0,Regular,2.15,0.35,D
14,2026-06-15,18:00,1,0,25,Belgium,BEL,UEFA,26,Egypt,EGY,CAF,4,Dallas Stadium (AT&T Stadium),Arlington,USA,80000,184.0,14,Alireza Faghani,4.2,9,36,1950.0,1730.0,0,0,27.614489548781133,29.058916442900006,1101,847,634065971.0,197591799.0,24387152.730769232,7599684.576923077,10.0,10.0,0.0,0.0,0.0,0.0,50.0,50.0,12.0,12.0,4.0,4.0,3.0,3.0,5.0,5.0,12.0,12.0,2.0,2.0,1.3,1.3,1.3,1.3,1,1,Regular,1.58,1.12,D
15,2026-06-15,21:00,1,0,31,Saudi Arabia,KSA,AFC,32,Uruguay,URU,CONMEBOL,8,Monterrey Stadium (Estadio BBVA),Guadalupe,MEX,53500,538.0,15,Yoshimi Yamashita,3.4,58,16,1660.0,1960.0,0,0,28.516084873374396,28.74227346917286,943,943,129541211.0,320346330.0,4982354.269230769,12321012.692307692,10.0,10.0,0.0,0.0,0.0,0.0,50.0,50.0,12.0,12.0,4.0,4.0,3.0,3.0,5.0,5.0,12.0,12.0,2.0,2.0,1.3,1.3,1.3,1.3,1,1,Regular,0.85,1.76,D
16,2026-06-15,23:59,1,0,27,IR Iran,IRN,AFC,28,New Zealand,NZL,OFC,5,Vancouver Stadium (BC Place),Vancouver,CAN,54500,9.0,16,Facundo Tello,5.0,20,85,1820.0,1510.0,0,0,30.3325435686832,28.26704575369873,1191,848,145435820.0,37905696.0,5593685.384615385,1457911.3846153845,10.0,10.0,0.0,0.0,0.0,0.0,50.0,50.0,12.0,12.0,4.0,4.0,3.0,3.0,5.0,5.0,12.0,12.0,2.0,2.0,1.3,1.3,1.3,1.3,2,2,Regular,1.88,1.2,D
17,2026-06-16,15:00,1,0,33,France,FRA,UEFA,34,Senegal,SEN,CAF,2,New York New Jersey Stadium (MetLife Stadium),East Rutherford,USA,82500,7.0,1,Szymon Marciniak,4.2,3,15,2100.0,1840.0,0,0,27.001000368556838,27.087242668351504,816,1032,1546204469.0,456345117.0,59469402.65384615,17551735.269230768,10.0,10.0,0.0,0.0,0.0,0.0,50.0,50.0,12.0,12.0,4.0,4.0,3.0,3.0,5.0,5.0,12.0,12.0,2.0,2.0,1.3,1.3,1.3,1.3,3,1,Regular,2.44,1.05,H
18,2026-06-16,18:00,1,0,35,Iraq,IRQ,AFC,36,Norway,NOR,UEFA,10,Boston Stadium (Gillette Stadium),Foxborough,USA,65878,87.0,2,Daniele Orsato,4.8,55,44,1630.0,1775.0,0,0,26.91475806876218,26.804191017743374,845,817,123868581.0,465149822.0,4764176.192307692,17890377.769230768,10.0,10.0,0.0,0.0,0.0,0.0,50.0,50.0,12.0,12.0,4.0,4.0,3.0,3.0,5.0,5.0,12.0,12.0,2.0,2.0,1.3,1.3,1.3,1.3,1,4,Regular,0.68,2.85,A
19,2026-06-16,21:00,1,0,37,Argentina,ARG,CONMEBOL,38,Algeria,ALG,CAF,3,Los Angeles Stadium (SoFi Stadium),Inglewood,USA,70240,30.0,3,Michael Oliver,3.9,1,28,2150.0,1760.0,0,0,29.11820144263676,26.85736850418575,1267,793,1025039444.0,229140860.0,39424594.0,8813110.0,10.0,10.0,0.0,0.0,0.0,0.0,50.0,50.0,12.0,12.0,4.0,4.0,3.0,3.0,5.0,5.0,12.0,12.0,2.0,2.0,1.3,1.3,1.3,1.3,3,0,Regular,2.65,0.42,H
20,2026-06-16,23:59,1,0,39,Austria,AUT,UEFA,40,Jordan,JOR,AFC,15,San Francisco Bay Area Stadium (Levi's Stadium),Santa Clara,USA,68500,8.0,4,Anthony Taylor,4.1,24,63,1830.0,1610.0,0,0,28.61148844311062,28.46553993576581,1020,1079,243918243.0,104311966.0,9381470.884615384,4011998.6923076925,10.0,10.0,0.0,0.0,0.0,0.0,50.0,50.0,12.0,12.0,4.0,4.0,3.0,3.0,5.0,5.0,12.0,12.0,2.0,2.0,1.3,1.3,1.3,1.3,3,1,Regular,1.98,0.88,H
21,2026-06-17,15:00,1,0,41,Portugal,POR,UEFA,42,Congo DR,COD,CAF,9,Atlanta Stadium (Mercedes-Benz Stadium),Atlanta,USA,71000,318.0,5,Clément Turpin,3.6,5,61,2010.0,1670.0,0,0,28.035276154372664,29.06870952456168,1176,806,1145908765.0,153037838.0,44073414.038461536,5886070.692307692,10.0,10.0,0.0,0.0,0.0,0.0,50.0,50.0,12.0,12.0,4.0,4.0,3.0,3.0,5.0,5.0,12.0,12.0,2.0,2.0,1.3,1.3,1.3,1.3,1,1,Regular,1.78,1.15,D
22,2026-06-17,18:00,1,0,45,England,ENG,UEFA,46,Croatia,CRO,UEFA,13,Miami Stadium (Hard Rock Stadium),Miami Gardens,USA,64767,2.0,6,Danny Makkelie,3.8,4,11,2050.0,1940.0,0,0,27.273205917969776,28.32875269836256,853,1176,1321818896.0,387300000.0,50839188.307692304,14896153.846153846,10.0,10.0,0.0,0.0,0.0,0.0,50.0,50.0,12.0,12.0,4.0,4.0,3.0,3.0,5.0,5.0,12.0,12.0,2.0,2.0,1.3,1.3,1.3,1.3,4,2,Regular,2.92,1.64,H
23,2026-06-17,21:00,1,0,47,Ghana,GHA,CAF,48,Panama,PAN,CONCACAF,11,Houston Stadium (NRG Stadium),Houston,USA,72220,14.0,7,Jesús Valenzuela,4.9,49,34,1690.0,1680.0,0,0,26.975201389985788,30.426578213025852,585,1556,198837737.0,174127946.0,7647605.269230769,6697228.692307692,10.0,10.0,0.0,0.0,0.0,0.0,50.0,50.0,12.0,12.0,4.0,4.0,3.0,3.0,5.0,5.0,12.0,12.0,2.0,2.0,1.3,1.3,1.3,1.3,1,0,Regular,1.3,0.75,H
24,2026-06-17,23:59,1,0,43,Uzbekistan,UZB,AFC,44,Colombia,COL,CONMEBOL,16,Seattle Stadium (Lumen Field),Seattle,USA,69000,3.0,8,Wilton Sampaio,4.5,50,13,1650.0,1990.0,0,0,28.21323645553625,30.089296056441846,972,1059,85125000.0,460943359.0,3274038.4615384615,17728590.730769232,10.0,10.0,0.0,0.0,0.0,0.0,50.0,50.0,12.0,12.0,4.0,4.0,3.0,3.0,5.0,5.0,12.0,12.0,2.0,2.0,1.3,1.3,1.3,1.3,1,3,Regular,0.95,2.1,A
25,2026-06-18,15:00,1,0,1,Mexico,MEX,CONCACAF,3,South Korea,KOR,AFC,9,Atlanta Stadium (Mercedes-Benz Stadium),Atlanta,USA,71000,318.0,9,César Arturo Ramos,4.0,14,22,1810.0,1800.0,0,0,27.900700257989794,28.065708418891173,1237,974,411906509.0,139050000.0,15842558.038461538,5348076.923076923,7,7,2.0,0.0,2.0,1.0,57.0,54.0,16.0,12.0,4.0,5.0,1.0,2.0,6.0,4.0,11.0,10.0,2.0,1.0,1.84,0.52,1.45,1.12,1,0,Regular,1.62,0.58,H
26,2026-06-18,18:00,1,0,4,Czechia,CZE,UEFA,2,South Africa,RSA,CAF,3,Los Angeles Stadium (SoFi Stadium),Inglewood,USA,70240,30.0,10,Ivan Barton,5.1,40,60,1740.0,1620.0,0,0,27.620807665982205,26.808403095877427,738,538,187141830.0,47700000.0,7197762.692307692,1834615.3846153845,7,7,1.0,2.0,0.0,2.0,46.0,43.0,10.0,3.0,3.0,2.0,4.0,4.0,3.0,3.0,13.0,15.0,2.0,1.0,1.12,1.45,0.52,1.84,1,1,Regular,1.35,1.15,D
27,2026-06-18,21:00,1,0,5,Canada,CAN,CONCACAF,7,Qatar,QAT,AFC,5,Vancouver Stadium (BC Place),Vancouver,CAN,54500,9.0,11,Mustapha Ghorbal,3.7,33,56,1795.0,1600.0,1,0,26.972674143105355,29.50771336808298,973,1586,204233523.0,121299976.0,7855135.5,4665383.692307692,6,5,1.0,1.0,1.0,1.0,52.0,28.0,13.0,6.0,4.0,3.0,3.0,4.0,9.0,3.0,12.0,12.0,2.0,1.0,1.35,0.98,0.78,1.54,6,0,Regular,3.82,0.22,H
28,2026-06-18,23:59,1,0,8,Switzerland,SUI,UEFA,6,Bosnia and Herzegovina,BIH,UEFA,1,Mexico City Stadium (Estadio Azteca),Mexico City,MEX,80824,2200.0,12,Victor Gomes,4.3,19,64,1860.0,1645.0,0,0,28.307060495972202,26.456483967777597,1148,613,357184518.0,146400000.0,13737866.076923076,5630769.230769231,5,6,1.0,1.0,1.0,1.0,58.0,29.0,26.0,8.0,7.0,3.0,2.0,5.0,10.0,4.0,11.0,15.0,0.0,1.0,1.54,0.78,0.98,1.35,4,1,Regular,2.45,0.88,H
29,2026-06-19,15:00,1,0,9,Brazil,BRA,CONMEBOL,11,Haiti,HAI,CONCACAF,2,New York New Jersey Stadium (MetLife Stadium),East Rutherford,USA,82500,7.0,13,Ma Ning,5.5,6,83,2030.0,1530.0,0,0,29.36302848417838,27.508134575896385,932,643,893232413.0,61329838.0,34355092.807692304,2358839.923076923,6,6,1.0,1.0,0.0,1.0,55.0,44.0,12.0,14.0,5.0,1.0,3.0,5.0,6.0,5.0,16.0,12.0,0.0,2.0,1.62,1.1,1.25,0.65,3,0,Regular,1.16,0.9,H
30,2026-06-19,18:00,1,0,12,Scotland,SCO,UEFA,10,Morocco,MAR,CAF,4,Dallas Stadium (AT&T Stadium),Arlington,USA,80000,184.0,14,Alireza Faghani,4.2,39,7,1720.0,1920.0,0,0,29.202443005317754,26.598957510661826,989,723,125095414.0,456754154.0,4811362.076923077,17567467.46153846,6,6,1.0,0.0,1.0,1.0,56.0,45.0,12.0,14.0,3.0,3.0,2.0,4.0,6.0,2.0,10.0,14.0,3.0,1.0,0.65,1.25,1.1,1.62,0,1,Regular,0.97,0.54,A
31,2026-06-19,21:00,1,0,13,USA,USA,CONCACAF,15,Australia,AUS,AFC,6,Toronto Stadium (BMO Field),Toronto,CAN,30000,76.0,15,Yoshimi Yamashita,3.4,17,27,1850.0,1790.0,0,0,26.904964987100513,27.359448217764445,977,751,378812045.0,80038893.0,14569694.038461538,3078418.9615384615,7,6,4.0,1.0,2.0,0.0,59.0,27.0,16.0,9.0,6.0,4.0,1.0,2.0,3.0,5.0,13.0,12.0,2.0,1.0,2.76,0.88,1.48,0.72,2,0,Regular,1.21,0.32,H
32,2026-06-19,23:59,1,0,16,Türkiye,TUR,UEFA,14,Paraguay,PAR,CONMEBOL,8,Monterrey Stadium (Estadio BBVA),Guadalupe,MEX,53500,538.0,16,Facundo Tello,5.0,26,54,1780.0,1725.0,0,0,27.67219501921761,29.002579897857103,989,705,461171375.0,135683726.0,17737360.576923076,5218604.846153846,6,7,0.0,2.0,1.0,4.0,62.0,28.0,30.0,9.0,7.0,1.0,2.0,9.0,8.0,1.0,4.0,17.0,3.0,3.0,0.72,1.48,0.88,2.76,0,1,Regular,0.4,0.3,A
33,2026-06-20,15:00,1,0,17,Germany,GER,UEFA,19,Côte d'Ivoire,CIV,CAF,10,Boston Stadium (Gillette Stadium),Foxborough,USA,65878,87.0,1,Szymon Marciniak,4.2,10,38,1970.0,1750.0,0,0,28.04675406728795,25.848996998894332,860,722,988741629.0,494766342.0,38028524.192307696,19029474.692307692,6,6,7.0,1.0,1.0,0.0,63.0,41.0,25.0,15.0,12.0,4.0,1.0,3.0,8.0,3.0,10.0,12.0,1.0,2.0,4.82,0.44,1.1,0.95,2,1,Regular,1.85,0.72,H
34,2026-06-20,18:00,1,0,20,Ecuador,ECU,CONMEBOL,18,Curaçao,CUW,CONCACAF,12,Kansas City Stadium (Arrowhead Stadium),Kansas City,USA,76416,264.0,2,Daniele Orsato,4.8,23,82,1870.0,1520.0,0,0,26.07760753961986,28.0209550887169,785,635,258787288.0,40068087.0,9953357.23076923,1541080.2692307692,6,6,0.0,1.0,1.0,7.0,49.0,37.0,12.0,8.0,1.0,1.0,3.0,5.0,5.0,1.0,14.0,12.0,3.0,2.0,0.95,1.1,0.44,4.82,0,0,Regular,1.92,0.08,D
35,2026-06-20,21:00,1,0,21,Netherlands,NED,UEFA,23,Sweden,SWE,UEFA,14,Philadelphia Stadium (Lincoln Financial Field),Philadelphia,USA,69796,3.0,3,Michael Oliver,3.9,8,25,1980.0,1815.0,0,0,27.77444321592166,27.557099984204708,877,531,765217546.0,408522445.0,29431444.076923076,15712401.73076923,6,6,2.0,2.0,5.0,1.0,61.0,49.0,10.0,13.0,5.0,7.0,3.0,1.0,5.0,4.0,7.0,10.0,2.0,3.0,1.95,1.82,3.12,0.78,5,1,Regular,3.45,0.88,H
36,2026-06-20,23:59,1,0,24,Tunisia,TUN,CAF,22,Japan,JPN,AFC,16,Seattle Stadium (Lumen Field),Seattle,USA,69000,3.0,4,Anthony Taylor,4.1,45,18,1710.0,1880.0,0,0,26.644658558416264,27.49518243563418,596,823,78914514.0,270850000.0,3035173.6153846155,10417307.692307692,6,6,1.0,5.0,2.0,2.0,51.0,39.0,6.0,9.0,2.0,5.0,6.0,3.0,2.0,4.0,8.0,7.0,1.0,1.0,0.78,3.12,1.82,1.95,0,4,Regular,0.35,3.12,A
37,2026-06-21,15:00,1,0,25,Belgium,BEL,UEFA,27,IR Iran,IRN,AFC,11,Houston Stadium (NRG Stadium),Houston,USA,72220,14.0,5,Clément Turpin,3.6,9,20,1950.0,1820.0,0,0,27.614489548781133,30.3325435686832,1101,1191,634065971.0,145435820.0,24387152.730769232,5593685.384615385,6,6,1.0,1.0,2.0,2.0,57.0,43.0,15.0,17.0,3.0,4.0,2.0,5.0,2.0,4.0,15.0,10.0,0.0,2.0,1.58,1.12,1.88,1.2,0,0,Regular,1.45,0.62,D
38,2026-06-21,18:00,1,0,28,New Zealand,NZL,OFC,26,Egypt,EGY,CAF,13,Miami Stadium (Hard Rock Stadium),Miami Gardens,USA,64767,2.0,6,Danny Makkelie,3.8,85,36,1510.0,1730.0,0,0,28.26704575369873,29.058916442900006,848,847,37905696.0,197591799.0,1457911.3846153845,7599684.576923077,6,6,2.0,2.0,1.0,1.0,45.0,43.0,14.0,14.0,8.0,3.0,7.0,2.0,1.0,7.0,8.0,15.0,1.0,1.0,1.2,1.88,1.12,1.58,1,3,Regular,0.55,2.15,A
39,2026-06-21,21:00,1,0,29,Spain,ESP,UEFA,31,Saudi Arabia,KSA,AFC,15,San Francisco Bay Area Stadium (Levi's Stadium),Santa Clara,USA,68500,8.0,7,Jesús Valenzuela,4.9,2,58,2120.0,1660.0,0,0,26.747433264887068,28.516084873374396,758,943,2134173029.0,129541211.0,82083578.03846154,4982354.269230769,6,6,0.0,0.0,1.0,1.0,74.0,27.0,23.0,7.0,8.0,3.0,6.0,8.0,11.0,4.0,10.0,11.0,2.0,2.0,2.15,0.35,0.85,1.76,4,0,Regular,3.28,0.25,H
40,2026-06-21,23:59,1,0,32,Uruguay,URU,CONMEBOL,30,Cabo Verde,CPV,CAF,2,New York New Jersey Stadium (MetLife Stadium),East Rutherford,USA,82500,7.0,8,Wilton Sampaio,4.5,16,67,1960.0,1640.0,0,0,28.74227346917286,29.676407097351653,943,841,320346330.0,95326451.0,12321012.692307692,3666401.9615384615,6,6,1.0,1.0,0.0,0.0,63.0,26.0,27.0,6.0,10.0,1.0,2.0,7.0,14.0,1.0,6.0,1.0,1.0,3.0,1.76,0.85,0.35,2.15,2,2,Regular,1.65,1.1,D
41,2026-06-22,15:00,1,0,33,France,FRA,UEFA,35,Iraq,IRQ,AFC,4,Dallas Stadium (AT&T Stadium),Arlington,USA,80000,184.0,9,César Arturo Ramos,4.0,3,55,2100.0,1630.0,0,0,27.001000368556838,26.91475806876218,816,845,1546204469.0,123868581.0,59469402.65384615,4764176.192307692,6,6,3.0,1.0,1.0,4.0,49.0,34.0,11.0,11.0,8.0,1.0,2.0,7.0,6.0,5.0,5.0,12.0,2.0,1.0,2.44,1.05,0.68,2.85,3,0,Regular,2.21,0.45,H
42,2026-06-22,18:00,1,0,36,Norway,NOR,UEFA,34,Senegal,SEN,CAF,6,Toronto Stadium (BMO Field),Toronto,CAN,30000,76.0,10,Ivan Barton,5.1,44,15,1775.0,1840.0,0,0,26.804191017743374,27.087242668351504,817,1032,465149822.0,456345117.0,17890377.769230768,17551735.269230768,6,6,4.0,1.0,1.0,3.0,57.0,44.0,11.0,6.0,5.0,2.0,1.0,4.0,4.0,4.0,13.0,9.0,0.0,1.0,2.85,0.68,1.05,2.44,3,2,Regular,1.95,1.48,H
43,2026-06-22,21:00,1,0,37,Argentina,ARG,CONMEBOL,39,Austria,AUT,UEFA,8,Monterrey Stadium (Estadio BBVA),Guadalupe,MEX,53500,538.0,11,Mustapha Ghorbal,3.7,1,24,2150.0,1830.0,0,0,29.11820144263676,28.61148844311062,1267,1020,1025039444.0,243918243.0,39424594.0,9381470.884615384,6,6,3.0,0.0,3.0,1.0,49.0,53.0,10.0,10.0,6.0,4.0,1.0,1.0,2.0,4.0,13.0,12.0,3.0,3.0,2.65,0.42,1.98,0.88,2,0,Regular,1.78,0.55,H
44,2026-06-22,23:59,1,0,40,Jordan,JOR,AFC,38,Algeria,ALG,CAF,10,Boston Stadium (Gillette Stadium),Foxborough,USA,65878,87.0,12,Victor Gomes,4.3,63,28,1610.0,1760.0,0,0,28.46553993576581,26.85736850418575,1079,793,104311966.0,229140860.0,4011998.6923076925,8813110.0,6,6,1.0,3.0,0.0,3.0,33.0,51.0,11.0,7.0,3.0,1.0,6.0,4.0,3.0,2.0,7.0,8.0,1.0,1.0,0.88,1.98,0.42,2.65,1,2,Regular,0.88,1.92,A
45,2026-06-23,15:00,1,0,41,Portugal,POR,UEFA,43,Uzbekistan,UZB,AFC,12,Kansas City Stadium (Arrowhead Stadium),Kansas City,USA,76416,264.0,13,Ma Ning,5.5,5,50,2010.0,1650.0,0,0,28.035276154372664,28.21323645553625,1176,972,1145908765.0,85125000.0,44073414.038461536,3274038.4615384615,6,6,1.0,1.0,1.0,3.0,68.0,33.0,7.0,8.0,1.0,2.0,5.0,6.0,5.0,3.0,9.0,14.0,3.0,2.0,1.78,1.15,0.95,2.1,5,0,Regular,3.54,0.42,H
46,2026-06-23,18:00,1,0,44,Colombia,COL,CONMEBOL,42,Congo DR,COD,CAF,14,Philadelphia Stadium (Lincoln Financial Field),Philadelphia,USA,69796,3.0,14,Alireza Faghani,4.2,13,61,1990.0,1670.0,0,0,30.089296056441846,29.06870952456168,1059,806,460943359.0,153037838.0,17728590.730769232,5886070.692307692,6,6,3.0,1.0,1.0,1.0,56.0,25.0,15.0,8.0,4.0,2.0,2.0,3.0,4.0,4.0,11.0,10.0,1.0,2.0,2.1,0.95,1.15,1.78,1,0,Regular,1.62,0.58,H
47,2026-06-23,21:00,1,0,45,England,ENG,UEFA,47,Ghana,GHA,CAF,16,Seattle Stadium (Lumen Field),Seattle,USA,69000,3.0,15,Yoshimi Yamashita,3.4,4,49,2050.0,1690.0,0,0,27.273205917969776,26.975201389985788,853,585,1321818896.0,198837737.0,50839188.307692304,7647605.269230769,6,6,4.0,2.0,1.0,0.0,48.0,35.0,22.0,7.0,11.0,2.0,4.0,5.0,8.0,2.0,10.0,9.0,2.0,1.0,2.92,1.64,1.3,0.75,0,0,Regular,1.12,0.89,D
48,2026-06-23,23:59,1,0,48,Panama,PAN,CONCACAF,46,Croatia,CRO,UEFA,1,Mexico City Stadium (Estadio Azteca),Mexico City,MEX,80824,2200.0,16,Facundo Tello,5.0,34,11,1680.0,1940.0,0,0,30.426578213025852,28.32875269836256,1556,1176,174127946.0,387300000.0,6697228.692307692,14896153.846153846,6,6,0.0,1.0,2.0,4.0,55.0,43.0,11.0,10.0,4.0,5.0,1.0,6.0,2.0,2.0,11.0,12.0,2.0,3.0,0.75,1.3,1.64,2.92,0,1,Regular,0.42,1.48,A
49,2026-06-24,18:00,1,0,4,Czechia,CZE,UEFA,1,Mexico,MEX,CONCACAF,1,Mexico City Stadium (Estadio Azteca),Mexico City,MEX,80824,2200.0,1,Szymon Marciniak,4.2,40,14,1740.0,1810.0,0,1,27.620807665982205,27.900700257989794,738,1237,187141830.0,411906509.0,7197762.692307692,15842558.038461538,6,6,1.0,1.5,1.5,0.0,39.0,53.0,12.0,12.0,3.0,4.0,3.5,1.5,4.0,3.0,12.5,10.0,1.5,1.5,1.235,1.2999999999999998,1.73,0.55,0,3,Regular,1.1,1.27,A
50,2026-06-24,18:00,1,0,2,South Africa,RSA,CAF,3,South Korea,KOR,AFC,7,Guadalajara Stadium (Estadio Akron),Zapopan,MEX,48070,1566.0,2,Daniele Orsato,4.8,60,22,1620.0,1800.0,0,0,26.808403095877427,28.065708418891173,538,974,47700000.0,139050000.0,1834615.3846153845,5348076.923076923,6,6,0.5,1.5,1.0,1.0,51.5,52.5,10.0,10.5,3.0,3.5,4.0,2.5,4.0,3.0,12.5,8.5,2.0,1.5,0.835,1.5950000000000002,1.015,1.37,1,0,Regular,1.26,1.39,H
51,2026-06-24,22:00,1,0,8,Switzerland,SUI,UEFA,5,Canada,CAN,CONCACAF,5,Vancouver Stadium (BC Place),Vancouver,CAN,54500,9.0,3,Michael Oliver,3.9,19,33,1860.0,1795.0,0,1,28.307060495972202,26.972674143105355,1148,973,357184518.0,204233523.0,13737866.076923076,7855135.5,6,6,2.5,1.0,3.5,0.5,57.5,58.5,19.5,23.0,7.0,7.5,1.5,1.5,8.5,14.0,9.0,10.5,1.0,2.5,1.995,0.8300000000000001,2.585,0.6,2,1,Regular,0.71,1.35,H
52,2026-06-24,22:00,1,0,6,Bosnia and Herzegovina,BIH,UEFA,7,Qatar,QAT,AFC,6,Toronto Stadium (BMO Field),Toronto,CAN,30000,76.0,4,Anthony Taylor,4.1,64,56,1645.0,1600.0,0,0,26.456483967777597,29.50771336808298,613,1586,146400000.0,121299976.0,5630769.230769231,4665383.692307692,6,6,1.0,2.5,0.5,3.5,31.5,24.0,6.5,4.0,3.0,1.5,5.0,6.5,3.5,2.0,16.0,11.0,1.0,1.0,0.9299999999999999,1.9000000000000001,0.5,2.6799999999999997,3,1,Regular,1.48,0.95,H
53,2026-06-25,18:00,1,0,12,Scotland,SCO,UEFA,9,Brazil,BRA,CONMEBOL,2,New York New Jersey Stadium (MetLife Stadium),East Rutherford,USA,82500,7.0,5,Clément Turpin,3.6,39,6,1720.0,2030.0,0,0,29.202443005317754,29.36302848417838,989,932,125095414.0,893232413.0,4811362.076923077,34355092.807692304,6,6,0.5,0.5,2.0,0.5,48.5,57.0,9.0,13.0,1.5,5.5,2.0,1.5,4.0,5.5,11.0,13.0,2.0,1.0,0.81,0.895,1.3900000000000001,1.0,0,3,Regular,0.45,2.18,A
54,2026-06-25,18:00,1,0,10,Morocco,MAR,CAF,11,Haiti,HAI,CONCACAF,10,Boston Stadium (Gillette Stadium),Foxborough,USA,65878,87.0,6,Danny Makkelie,3.8,7,83,1920.0,1530.0,0,0,26.598957510661826,27.508134575896385,723,643,456754154.0,61329838.0,17567467.46153846,2358839.923076923,6,6,1.0,0.5,0.0,2.0,52.0,42.5,13.0,9.0,3.5,0.5,3.0,4.5,3.5,3.5,12.0,12.0,1.5,1.5,0.8200000000000001,1.295,1.075,0.905,4,2,Regular,2.35,1.12,H
55,2026-06-25,22:00,1,0,16,Türkiye,TUR,UEFA,13,USA,USA,CONCACAF,3,Los Angeles Stadium (SoFi Stadium),Inglewood,USA,70240,30.0,7,Jesús Valenzuela,4.9,26,17,1780.0,1850.0,0,1,27.67219501921761,26.904964987100513,989,977,461171375.0,378812045.0,17737360.576923076,14569694.038461538,6,6,0.0,1.5,3.0,0.5,64.5,57.0,31.0,13.0,6.0,4.0,2.0,1.0,10.0,5.0,9.0,12.5,2.5,1.5,0.56,0.89,1.9849999999999999,0.6,3,2,Regular,1.62,1.45,H
56,2026-06-25,22:00,1,0,14,Paraguay,PAR,CONMEBOL,15,Australia,AUS,AFC,15,San Francisco Bay Area Stadium (Levi's Stadium),Santa Clara,USA,68500,8.0,8,Wilton Sampaio,4.5,54,27,1725.0,1790.0,0,0,29.002579897857103,27.359448217764445,705,751,135683726.0,80038893.0,5218604.846153846,3078418.9615384615,6,6,1.0,2.0,1.0,1.0,23.5,28.5,8.0,7.0,1.5,3.0,6.5,2.0,0.5,4.5,16.0,14.0,2.0,0.5,0.59,1.5799999999999998,0.9,0.965,0,0,Regular,0.55,0.48,D
57,2026-06-26,18:00,1,0,20,Ecuador,ECU,CONMEBOL,17,Germany,GER,UEFA,9,Atlanta Stadium (Mercedes-Benz Stadium),Atlanta,USA,71000,318.0,9,César Arturo Ramos,4.0,23,10,1870.0,1970.0,0,0,26.07760753961986,28.04675406728795,785,860,258787288.0,988741629.0,9953357.23076923,38028524.192307696,6,6,0.0,0.5,4.5,1.0,56.0,61.0,20.0,20.5,8.0,10.0,9.0,1.5,7.0,8.0,13.0,8.5,1.5,1.0,1.435,0.5900000000000001,3.335,0.58,2,1,Regular,1.28,1.55,H
58,2026-06-26,18:00,1,0,18,Curaçao,CUW,CONCACAF,19,Côte d'Ivoire,CIV,CAF,11,Houston Stadium (NRG Stadium),Houston,USA,72220,14.0,10,Ivan Barton,5.1,82,38,1520.0,1750.0,0,0,28.0209550887169,25.848996998894332,635,722,40068087.0,494766342.0,1541080.2692307692,19029474.692307692,6,6,0.5,3.5,1.0,1.0,37.0,41.0,6.5,12.0,1.0,3.5,10.0,4.5,0.5,3.0,13.0,10.0,1.5,2.0,0.26,3.37,0.91,1.4,0,2,Regular,0.32,1.68,A
59,2026-06-26,22:00,1,0,24,Tunisia,TUN,CAF,21,Netherlands,NED,UEFA,12,Kansas City Stadium (Arrowhead Stadium),Kansas City,USA,76416,264.0,11,Mustapha Ghorbal,3.7,45,8,1710.0,1980.0,0,0,26.644658558416264,27.77444321592166,596,877,78914514.0,765217546.0,3035173.6153846155,29431444.076923076,6,6,0.5,4.5,3.5,1.5,44.5,54.5,4.5,10.0,1.5,6.0,3.5,2.5,2.5,6.0,8.0,9.0,1.5,2.0,0.565,3.12,2.7,1.35,1,3,Regular,0.62,2.15,A
60,2026-06-26,22:00,1,0,22,Japan,JPN,AFC,23,Sweden,SWE,UEFA,16,Seattle Stadium (Lumen Field),Seattle,USA,69000,3.0,12,Victor Gomes,4.3,18,25,1880.0,1815.0,0,0,27.49518243563418,27.557099984204708,823,531,270850000.0,408522445.0,10417307.692307692,15712401.73076923,6,6,3.0,1.0,3.0,3.0,50.5,46.0,11.5,14.5,5.0,7.5,2.0,4.0,4.5,3.5,11.0,12.0,1.0,3.0,2.47,1.15,2.0,2.115,1,1,Regular,1.12,0.95,D
65,2026-06-26,18:00,1,0,36,Norway,NOR,UEFA,33,France,FRA,UEFA,10,Boston Stadium (Gillette Stadium),Foxborough,USA,65878,87.0,1,Szymon Marciniak,4.2,44,3,1775.0,2100.0,0,0,26.804191017743374,27.001000368556838,817,816,465149822.0,1546204469.0,17890377.769230768,59469402.65384615,4,4,3.5,1.5,3.0,0.5,54.5,52.5,11.5,15.0,5.5,6.5,1.5,1.0,4.5,5.0,13.0,6.5,0.5,2.0,2.4,1.08,2.325,0.75,1,4,Regular,1.3,0.96,A
66,2026-06-26,18:00,1,0,34,Senegal,SEN,CAF,35,Iraq,IRQ,AFC,2,New York New Jersey Stadium (MetLife Stadium),East Rutherford,USA,82500,7.0,2,Daniele Orsato,4.8,15,55,1840.0,1630.0,0,0,27.087242668351504,26.91475806876218,1032,845,456345117.0,123868581.0,17551735.269230768,4764176.192307692,4,4,1.5,3.0,0.5,3.5,46.0,39.0,8.0,7.5,3.0,0.5,3.5,4.5,4.0,3.5,7.0,8.0,1.5,1.0,1.2650000000000001,2.195,0.5650000000000001,2.5300000000000002,5,0,Regular,3.01,0.14,H
61,2026-06-27,18:00,1,0,28,New Zealand,NZL,OFC,25,Belgium,BEL,UEFA,4,Dallas Stadium (AT&T Stadium),Arlington,USA,80000,184.0,13,Ma Ning,5.5,85,9,1510.0,1950.0,0,0,28.26704575369873,27.614489548781133,848,1101,37905696.0,634065971.0,1457911.3846153845,24387152.730769232,6,6,1.5,2.5,0.5,0.5,42.0,58.0,12.5,19.0,5.5,5.5,5.5,2.0,2.5,3.0,11.0,11.0,1.5,0.5,0.875,2.0149999999999997,1.5150000000000001,0.8700000000000001,1,5,Regular,0.48,3.25,A
62,2026-06-27,18:00,1,0,26,Egypt,EGY,CAF,27,IR Iran,IRN,AFC,8,Monterrey Stadium (Estadio BBVA),Guadalupe,MEX,53500,538.0,14,Alireza Faghani,4.2,36,20,1730.0,1820.0,0,0,29.058916442900006,30.3325435686832,847,1191,197591799.0,145435820.0,7599684.576923077,5593685.384615385,6,6,2.0,1.0,1.0,1.0,46.5,36.5,16.5,12.0,5.0,3.0,2.0,6.5,5.5,3.0,11.5,9.5,1.0,2.5,1.635,1.065,1.25,1.325,1,1,Regular,0.85,0.92,D
63,2026-06-27,22:00,1,0,32,Uruguay,URU,CONMEBOL,29,Spain,ESP,UEFA,13,Miami Stadium (Hard Rock Stadium),Miami Gardens,USA,64767,2.0,15,Yoshimi Yamashita,3.4,16,2,1960.0,2120.0,0,0,28.74227346917286,26.747433264887068,943,758,320346330.0,2134173029.0,12321012.692307692,82083578.03846154,6,6,1.5,1.5,2.0,0.0,64.0,70.5,22.0,20.5,8.5,8.0,2.0,3.5,12.5,8.5,8.5,8.0,1.5,2.5,1.705,0.9750000000000001,2.715,0.3,0,1,Regular,0.78,1.35,A
64,2026-06-27,22:00,1,0,30,Cabo Verde,CPV,CAF,31,Saudi Arabia,KSA,AFC,14,Philadelphia Stadium (Lincoln Financial Field),Philadelphia,USA,69796,3.0,16,Facundo Tello,5.0,67,58,1640.0,1660.0,0,0,29.676407097351653,28.516084873374396,841,943,95326451.0,129541211.0,3666401.9615384615,4982354.269230769,6,6,1.0,1.0,0.5,2.5,30.5,30.0,9.0,6.0,2.5,2.0,6.0,6.0,2.5,2.5,2.5,10.5,2.0,2.0,0.7250000000000001,1.9,0.55,2.52,0,0,Regular,0.42,0.38,D
67,2026-06-27,22:00,1,0,40,Jordan,JOR,AFC,37,Argentina,ARG,CONMEBOL,15,San Francisco Bay Area Stadium (Levi's Stadium),Santa Clara,USA,68500,8.0,3,Michael Oliver,3.9,63,1,1610.0,2150.0,0,0,28.46553993576581,29.11820144263676,1079,1267,104311966.0,1025039444.0,4011998.6923076925,39424594.0,5,5,1.0,2.5,2.5,0.0,31.0,51.5,8.5,11.0,2.5,5.5,5.0,1.0,2.5,1.5,9.5,13.0,1.0,2.5,0.88,1.95,2.215,0.485,1,3,Regular,0.76,2.13,A
68,2026-06-27,22:00,1,0,38,Algeria,ALG,CAF,39,Austria,AUT,UEFA,3,Los Angeles Stadium (SoFi Stadium),Inglewood,USA,70240,30.0,4,Anthony Taylor,4.1,28,24,1760.0,1830.0,0,0,26.85736850418575,28.61148844311062,793,1020,229140860.0,243918243.0,8813110.0,9381470.884615384,5,5,1.0,2.0,1.5,1.5,61.0,49.5,12.5,8.0,3.5,2.5,2.5,2.0,4.5,3.5,8.5,12.5,1.5,2.0,1.17,1.765,1.2650000000000001,1.33,3,3,Regular,1.62,1.44,D
69,2026-06-28,18:00,1,0,44,Colombia,COL,CONMEBOL,41,Portugal,POR,UEFA,13,Miami Stadium (Hard Rock Stadium),Miami Gardens,USA,64767,2.0,5,Clément Turpin,3.6,13,5,1990.0,2010.0,0,0,30.089296056441846,28.035276154372664,1059,1176,460943359.0,1145908765.0,17728590.730769232,44073414.038461536,5,5,2.0,0.5,3.0,0.5,57.0,65.0,14.5,12.5,4.0,4.5,2.0,3.0,4.5,6.0,11.0,9.5,1.5,2.0,1.86,0.7649999999999999,2.66,0.7849999999999999,0,0,Regular,1.62,0.73,D
70,2026-06-28,18:00,1,0,42,Congo DR,COD,CAF,43,Uzbekistan,UZB,AFC,9,Atlanta Stadium (Mercedes-Benz Stadium),Atlanta,USA,71000,318.0,6,Danny Makkelie,3.8,61,50,1670.0,1650.0,0,0,29.06870952456168,28.21323645553625,806,972,153037838.0,85125000.0,5886070.692307692,3274038.4615384615,5,5,0.5,1.0,0.5,4.0,33.5,35.5,8.0,6.5,2.0,1.5,3.0,4.5,3.5,2.5,12.0,13.0,1.5,2.0,0.865,1.7000000000000002,0.6849999999999999,2.8200000000000003,3,1,Regular,2.35,0.2,H
71,2026-06-28,22:00,1,0,48,Panama,PAN,CONCACAF,45,England,ENG,UEFA,2,New York New Jersey Stadium (MetLife Stadium),East Rutherford,USA,82500,7.0,7,Jesús Valenzuela,4.9,34,4,1680.0,2050.0,0,0,30.426578213025852,27.273205917969776,1556,853,174127946.0,1321818896.0,6697228.692307692,50839188.307692304,5,5,0.0,1.0,2.0,1.0,49.5,53.5,9.0,16.5,2.5,7.0,2.0,3.0,2.0,7.0,12.5,9.0,2.0,2.0,0.585,1.3900000000000001,2.02,1.265,0,2,Regular,0.69,1.39,A
72,2026-06-28,22:00,1,0,46,Croatia,CRO,UEFA,47,Ghana,GHA,CAF,14,Philadelphia Stadium (Lincoln Financial Field),Philadelphia,USA,69796,3.0,8,Wilton Sampaio,4.5,11,49,1940.0,1690.0,0,0,28.32875269836256,26.975201389985788,1176,585,387300000.0,198837737.0,14896153.846153846,7647605.269230769,5,5,1.5,2.0,0.5,0.0,49.5,38.0,12.5,8.0,4.5,2.0,3.5,4.0,3.5,2.5,11.0,10.5,2.0,1.0,1.56,1.67,1.095,0.935,2,1,Regular,0.42,0.74,H
73,2026-06-29,12:00,2,1,2,South Africa,RSA,CAF,5,Canada,CAN,CONCACAF,3,Los Angeles Stadium (SoFi Stadium),Inglewood,USA,70240,30.0,17,João Pinheiro,4.7,60,33,1620.0,1795.0,0,0,26.808403095877427,26.972674143105355,538,973,47700000.0,204233523.0,1834615.3846153845,7855135.5,5,5,0.6666666666666666,1.0,2.6666666666666665,1.0,45.0,54.0,11.0,19.666666666666668,3.3333333333333335,7.333333333333333,3.6666666666666665,1.6666666666666667,3.6666666666666665,11.0,12.333333333333334,10.333333333333334,1.6666666666666667,2.6666666666666665,0.9766666666666666,1.5266666666666666,2.1733333333333333,0.6366666666666666,0,1,Regular,0.13,1.32,A
74,2026-06-29,23:00,2,1,9,Brazil,BRA,CONMEBOL,22,Japan,JPN,AFC,11,Houston Stadium (NRG Stadium),Houston,USA,72220,14.0,18,Maurizio Mariani,4.8,6,18,2030.0,1880.0,0,0,29.36302848417838,27.49518243563418,932,823,893232413.0,270850000.0,34355092.807692304,10417307.692307692,4,3,2.3333333333333335,0.3333333333333333,2.3333333333333335,1.0,59.666666666666664,50.666666666666664,14.666666666666666,12.0,6.666666666666667,5.0,1.6666666666666667,2.3333333333333335,5.666666666666667,4.666666666666667,11.333333333333334,10.333333333333334,1.6666666666666667,1.3333333333333333,1.6533333333333333,0.8166666666666668,2.02,1.0833333333333333,2,1,Regular,1.69,0.23,H
75,2026-06-30,02:30,2,1,17,Germany,GER,UEFA,14,Paraguay,PAR,CONMEBOL,10,Boston Stadium (Gillette Stadium),Foxborough,USA,65878,87.0,19,Jalal Jayed,4.6,10,54,1970.0,1725.0,0,0,28.04675406728795,29.002579897857103,860,705,988741629.0,135683726.0,38028524.192307696,5218604.846153846,4,5,3.3333333333333335,1.3333333333333333,0.6666666666666666,1.3333333333333333,59.333333333333336,30.333333333333332,19.0,8.0,9.0,1.6666666666666667,2.0,6.333333333333333,7.333333333333333,0.6666666666666666,9.0,13.666666666666666,1.3333333333333333,1.3333333333333333,2.74,0.8133333333333334,0.5766666666666667,1.2133333333333332,1,1,Penalties,0.72,0.42,D
76,2026-06-30,07:00,2,1,21,Netherlands,NED,UEFA,10,Morocco,MAR,CAF,8,Monterrey Stadium (Estadio BBVA),Guadalupe,MEX,53500,538.0,8,Wilton Sampaio,4.5,8,7,1980.0,1920.0,0,0,27.77444321592166,26.598957510661826,877,723,765217546.0,456754154.0,29431444.076923076,17567467.46153846,4,5,3.3333333333333335,1.3333333333333333,2.0,1.0,57.0,55.333333333333336,12.666666666666666,15.666666666666666,7.0,5.333333333333333,2.3333333333333335,3.0,6.333333333333333,4.666666666666667,9.0,11.333333333333334,2.0,2.0,2.5166666666666666,1.1066666666666667,1.33,1.2366666666666666,1,1,Penalties,0.23,1.4,D
77,2026-06-30,23:00,2,1,19,Côte d'Ivoire,CIV,CAF,36,Norway,NOR,UEFA,4,Dallas Stadium (AT&T Stadium),Arlington,USA,80000,184.0,7,Jesús Valenzuela,4.9,38,44,1750.0,1775.0,0,0,25.848996998894332,26.804191017743374,722,817,494766342.0,465149822.0,19029474.692307692,17890377.769230768,4,4,1.3333333333333333,0.6666666666666666,2.6666666666666665,2.3333333333333335,47.0,52.0,13.333333333333334,10.666666666666666,4.666666666666667,5.333333333333333,3.6666666666666665,2.3333333333333335,4.0,4.0,10.333333333333334,11.333333333333334,2.3333333333333335,0.3333333333333333,1.1666666666666667,1.04,2.033333333333333,1.04,1,2,Regular,1.15,2.02,A
78,2026-07-01,03:00,2,1,33,France,FRA,UEFA,23,Sweden,SWE,UEFA,2,New York New Jersey Stadium (MetLife Stadium),East Rutherford,USA,82500,7.0,6,Danny Makkelie,3.8,3,25,2100.0,1815.0,0,0,27.001000368556838,27.557099984204708,816,531,1546204469.0,408522445.0,59469402.65384615,15712401.73076923,5,5,3.3333333333333335,0.6666666666666666,2.3333333333333335,2.3333333333333335,52.666666666666664,47.0,15.666666666666666,13.333333333333334,7.333333333333333,6.333333333333333,2.0,4.0,5.0,3.6666666666666665,6.666666666666667,12.0,2.0,2.3333333333333335,1.8699999999999999,0.9333333333333335,1.6500000000000001,1.7833333333333334,3,0,Regular,3.17,0.67,H
79,2026-07-01,07:00,2,1,1,Mexico,MEX,CONCACAF,20,Ecuador,ECU,CONMEBOL,1,Mexico City Stadium (Estadio Azteca),Mexico City,MEX,80824,2200.0,20,Slavko Vinčić,4.1,14,23,1810.0,1870.0,1,0,27.900700257989794,26.07760753961986,1237,785,411906509.0,258787288.0,15842558.038461538,9953357.23076923,7,5,2.0,0.0,0.6666666666666666,0.6666666666666666,52.0,52.0,11.666666666666666,17.0,4.333333333333333,7.0,1.3333333333333333,8.0,2.3333333333333335,5.666666666666667,11.0,13.0,1.3333333333333333,1.3333333333333333,1.5766666666666669,0.7333333333333334,1.3833333333333335,0.91,2,0,Regular,1.02,0.73,H
80,2026-07-01,22:00,2,1,45,England,ENG,UEFA,42,Congo DR,COD,CAF,9,Atlanta Stadium (Mercedes-Benz Stadium),Atlanta,USA,71000,318.0,21,Adham Makhadmeh,4.2,4,61,2050.0,1670.0,0,0,27.273205917969776,29.06870952456168,853,806,1321818896.0,153037838.0,50839188.307692304,5886070.692307692,3,3,2.0,0.6666666666666666,1.3333333333333333,1.0,58.0,43.666666666666664,16.666666666666668,11.666666666666666,6.666666666666667,2.6666666666666665,2.6666666666666665,2.3333333333333335,7.0,3.0,10.333333333333334,10.0,2.6666666666666665,2.0,1.8099999999999998,1.0733333333333333,1.36,1.2,2,1,Regular,2.04,0.76,H
81,2026-07-02,02:00,2,1,25,Belgium,BEL,UEFA,34,Senegal,SEN,CAF,16,Seattle Stadium (Lumen Field),Seattle,USA,69000,3.0,22,Saíd Martínez,4.1,9,15,1950.0,1840.0,0,0,27.614489548781133,27.087242668351504,1101,1032,634065971.0,456345117.0,24387152.730769232,17551735.269230768,5,6,2.0,0.6666666666666666,2.6666666666666665,2.0,60.333333333333336,53.666666666666664,20.0,14.666666666666666,7.666666666666667,6.0,1.6666666666666667,2.6666666666666665,4.666666666666667,6.666666666666667,9.666666666666666,8.0,1.3333333333333333,1.3333333333333333,2.0933333333333333,0.7400000000000001,1.8466666666666667,1.51,3,2,AET,1.74,3.58,H
82,2026-07-02,06:00,2,1,13,USA,USA,CONCACAF,6,Bosnia and Herzegovina,BIH,UEFA,15,San Francisco Bay Area Stadium (Levi's Stadium),Santa Clara,USA,68500,8.0,23,Raphael Claus,4.1,17,64,1850.0,1645.0,1,0,26.904964987100513,26.456483967777597,977,613,378812045.0,146400000.0,14569694.038461538,5630769.230769231,7,8,2.6666666666666665,1.3333333333333333,1.6666666666666667,2.0,55.333333333333336,39.0,13.0,9.0,4.333333333333333,3.6666666666666665,2.0,4.0,5.333333333333333,4.0,11.333333333333334,13.666666666666666,1.3333333333333333,1.0,1.8066666666666666,0.9400000000000001,1.1133333333333333,1.5833333333333333,2,0,Regular,0.92,0.25,H
83,2026-07-03,01:00,2,1,29,Spain,ESP,UEFA,39,Austria,AUT,UEFA,3,Los Angeles Stadium (SoFi Stadium),Inglewood,USA,70240,30.0,24,Glenn Nyberg,3.1,2,24,2120.0,1830.0,0,0,26.747433264887068,28.61148844311062,758,1020,2134173029.0,243918243.0,82083578.03846154,9381470.884615384,6,6,1.6666666666666667,0.0,2.0,2.0,66.33333333333333,49.666666666666664,18.666666666666668,8.666666666666666,7.333333333333333,2.6666666666666665,3.3333333333333335,2.0,7.333333333333333,3.3333333333333335,8.333333333333334,10.666666666666666,2.0,2.3333333333333335,2.26,0.45999999999999996,1.3233333333333333,1.4266666666666667,3,0,Regular,2.84,0.32,H
84,2026-07-03,05:00,2,1,41,Portugal,POR,UEFA,46,Croatia,CRO,UEFA,6,Toronto Stadium (BMO Field),Toronto,CAN,30000,76.0,25,Espen Eskås,2.9,5,11,2010.0,1940.0,0,0,28.035276154372664,28.32875269836256,1176,1176,1145908765.0,387300000.0,44073414.038461536,14896153.846153846,5,5,2.0,0.3333333333333333,1.6666666666666667,1.6666666666666667,58.333333333333336,50.666666666666664,12.666666666666666,11.0,3.6666666666666665,4.333333333333333,4.0,2.3333333333333335,4.666666666666667,3.3333333333333335,8.333333333333334,10.333333333333334,2.0,1.6666666666666667,2.0166666666666666,1.0633333333333332,1.18,1.36,2,1,Regular,2.18,1.34,H
85,2026-07-03,09:00,2,1,8,Switzerland,SUI,UEFA,38,Algeria,ALG,CAF,5,Vancouver Stadium (BC Place),Vancouver,CAN,54500,9.0,26,Yael Falcón,5.4,19,28,1860.0,1760.0,0,0,28.307060495972202,26.85736850418575,1148,793,357184518.0,229140860.0,13737866.076923076,8813110.0,9,6,2.3333333333333335,1.0,1.6666666666666667,2.3333333333333335,56.666666666666664,57.333333333333336,15.0,12.333333333333334,6.0,4.0,3.0,1.6666666666666667,6.333333333333333,3.0,11.0,6.666666666666667,0.6666666666666666,1.3333333333333333,1.5666666666666667,1.0033333333333334,1.32,1.6566666666666665,2,0,Regular,2.52,0.73,H
86,2026-07-04,00:00,2,1,15,Australia,AUS,AFC,26,Egypt,EGY,CAF,4,Dallas Stadium (AT&T Stadium),Arlington,USA,80000,184.0,27,Gustavo Tejera,5.1,27,36,1790.0,1730.0,0,0,27.359448217764445,29.058916442900006,751,847,80038893.0,197591799.0,3078418.9615384615,7599684.576923077,9,7,0.6666666666666666,0.6666666666666666,1.6666666666666667,1.0,37.666666666666664,46.666666666666664,8.666666666666666,14.666666666666666,3.6666666666666665,4.666666666666667,2.3333333333333335,2.3333333333333335,4.0,5.0,11.333333333333334,11.666666666666666,0.3333333333333333,1.0,0.7599999999999999,0.8266666666666667,1.3733333333333333,1.0166666666666668,1,1,Penalties,0.87,1.36,D
87,2026-07-04,04:00,2,1,37,Argentina,ARG,CONMEBOL,30,Cabo Verde,CPV,CAF,13,Miami Stadium (Hard Rock Stadium),Miami Gardens,USA,64767,2.0,28,Drew Fischer,3.3,1,67,2150.0,1640.0,0,0,29.11820144263676,29.676407097351653,1267,841,1025039444.0,95326451.0,39424594.0,3666401.9615384615,7,7,2.6666666666666665,0.3333333333333333,0.6666666666666666,0.6666666666666666,58.666666666666664,37.333333333333336,11.333333333333334,11.0,5.0,2.6666666666666665,0.6666666666666666,5.0,3.0,3.0,11.0,5.0,1.6666666666666667,2.0,2.1866666666666665,0.5766666666666667,0.6233333333333334,1.3933333333333333,3,2,AET,2.16,0.46,H
88,2026-07-04,07:30,2,1,44,Colombia,COL,CONMEBOL,47,Ghana,GHA,CAF,12,Kansas City Stadium (Arrowhead Stadium),Kansas City,USA,76416,264.0,5,Clément Turpin,3.6,13,49,1990.0,1690.0,0,0,30.089296056441846,26.975201389985788,1059,585,460943359.0,198837737.0,17728590.730769232,7647605.269230769,6,6,1.3333333333333333,0.3333333333333333,0.6666666666666666,0.6666666666666666,56.333333333333336,41.0,17.666666666666668,7.333333333333333,4.666666666666667,1.6666666666666667,2.0,3.3333333333333335,4.666666666666667,2.3333333333333335,11.333333333333334,11.333333333333334,2.0,1.3333333333333333,1.78,0.7533333333333333,0.9766666666666667,0.7633333333333333,1,0,Regular,2.19,0.26,H
89,2026-07-04,21:00,3,1,14,Paraguay,PAR,CONMEBOL,33,France,FRA,UEFA,14,Philadelphia Stadium (Lincoln Financial Field),Philadelphia,USA,69796,3.0,13,Ma Ning,5.5,54,3,1725.0,2100.0,0,0,29.002579897857103,27.001000368556838,705,816,135683726.0,1546204469.0,5218604.846153846,59469402.65384615,4,3,0.75,1.25,3.25,0.5,28.75,54.75,7.75,18.0,2.0,8.5,6.25,2.25,2.0,6.0,13.25,8.5,1.25,2.25,0.5375,1.0899999999999999,2.195,0.8675,0,1,Regular,0.3,1.8,A
90,2026-07-04,23:00,3,1,5,Canada,CAN,CONCACAF,10,Morocco,MAR,CAF,11,Houston Stadium (NRG Stadium),Houston,USA,72220,14.0,3,Michael Oliver,3.9,33,7,1795.0,1920.0,0,0,26.972674143105355,26.598957510661826,973,723,204233523.0,456754154.0,7855135.5,17567467.46153846,5,4,2.25,0.75,1.75,1.0,51.0,59.0,17.75,14.5,7.25,5.25,1.5,2.5,9.25,5.5,11.75,12.25,2.0,1.5,1.96,0.51,1.3475000000000001,0.9850000000000001,0,3,Regular,0.8,1.2,A
91,2026-07-05,20:00,3,1,9,Brazil,BRA,CONMEBOL,36,Norway,NOR,UEFA,4,Dallas Stadium (AT&T Stadium),Arlington,USA,80000,184.0,14,Alireza Faghani,4.2,6,44,2030.0,1775.0,0,0,29.36302848417838,26.804191017743374,932,817,893232413.0,465149822.0,34355092.807692304,17890377.769230768,6,5,2.25,0.5,2.5,2.0,62.0,51.0,15.75,10.25,6.75,4.75,1.5,2.75,5.75,3.75,9.5,10.25,1.5,0.75,1.6625,0.67,2.0300000000000002,1.0675,1,2,Regular,2.61,1.05,A
92,2026-07-06,01:00,3,1,1,Mexico,MEX,CONCACAF,45,England,ENG,UEFA,1,Mexico City Stadium (Estadio Azteca),Mexico City,MEX,80824,2200.0,14,Alireza Faghani,4.2,14,4,1810.0,2050.0,1,0,27.900700257989794,27.273205917969776,1237,853,411906509.0,1321818896.0,15842558.038461538,50839188.307692304,5,5,2.0,0.0,2.0,0.75,48.25,58.5,12.5,16.5,4.0,6.75,1.25,2.25,2.5,6.5,10.75,10.25,1.0,2.0,1.4375,0.7325,1.8675,0.995,2,3,Regular,1.88,1.61,A
93,2026-07-06,19:00,3,1,41,Portugal,POR,UEFA,29,Spain,ESP,UEFA,13,Miami Stadium (Hard Rock Stadium),Miami Gardens,USA,64767,2.0,4,Anthony Taylor,4.1,5,2,2010.0,2120.0,0,0,28.035276154372664,26.747433264887068,1176,758,1145908765.0,2134173029.0,44073414.038461536,82083578.03846154,3,3,2.0,0.5,2.0,0.0,59.25,65.75,13.25,19.75,3.5,8.0,4.5,2.5,5.75,7.75,7.75,8.25,1.75,2.0,2.0575,1.1325,2.405,0.425,0,1,Regular,0.63,1.69,A
94,2026-07-07,00:00,3,1,13,USA,USA,CONCACAF,25,Belgium,BEL,UEFA,15,San Francisco Bay Area Stadium (Levi's Stadium),Santa Clara,USA,68500,8.0,9,César Arturo Ramos,4.0,17,9,1850.0,1950.0,1,0,26.904964987100513,27.614489548781133,977,1101,378812045.0,634065971.0,14569694.038461538,24387152.730769232,5,5,2.5,1.0,2.25,1.0,53.5,58.25,11.75,19.75,3.75,7.0,2.25,2.0,5.0,4.5,10.25,12.75,1.75,1.5,1.585,0.7675000000000001,2.005,1.45,1,4,Regular,0.67,2.15,A
95,2026-07-07,16:00,3,1,37,Argentina,ARG,CONMEBOL,26,Egypt,EGY,CAF,12,Kansas City Stadium (Arrowhead Stadium),Kansas City,USA,76416,264.0,1,Szymon Marciniak,4.2,1,36,2150.0,1730.0,0,0,29.11820144263676,29.058916442900006,1267,847,1025039444.0,197591799.0,39424594.0,7599684.576923077,3,3,2.75,0.75,1.5,1.0,60.0,49.5,14.0,15.0,6.5,4.75,1.25,2.25,4.25,5.25,10.5,11.75,2.0,1.0,2.18,0.5475,1.37,0.98,3,2,Regular,2.12,1.54,H
96,2026-07-07,20:00,3,1,8,Switzerland,SUI,UEFA,44,Colombia,COL,CONMEBOL,16,Seattle Stadium (Lumen Field),Seattle,USA,69000,3.0,10,Ivan Barton,5.1,19,13,1860.0,1990.0,0,0,28.307060495972202,30.089296056441846,1148,1059,357184518.0,460943359.0,13737866.076923076,17728590.730769232,4,3,2.25,0.75,1.25,0.25,53.75,57.5,14.0,18.25,5.75,5.5,2.75,1.5,5.75,4.25,10.75,11.75,0.5,2.0,1.8050000000000002,0.935,1.8825,0.63,0,0,Penalties,1.15,1.46,D
97,2026-07-09,20:00,4,1,33,France,FRA,UEFA,10,Morocco,MAR,CAF,10,Boston Stadium (Gillette Stadium),Foxborough,USA,65878,87.0,16,Facundo Tello,5.0,3,7,2100.0,1920.0,0,0,27.001000368556838,26.598957510661826,816,723,1546204469.0,456754154.0,59469402.65384615,17567467.46153846,5,5,2.8,0.4,2.0,0.8,59.0,57.2,17.4,12.6,7.8,5.0,2.0,2.6,7.2,4.6,9.0,12.6,1.8,1.8,2.116,0.754,1.318,0.9480000000000001,2,0,Regular,3.1,0.13,H
98,2026-07-10,19:00,4,1,29,Spain,ESP,UEFA,25,Belgium,BEL,UEFA,3,Los Angeles Stadium (SoFi Stadium),Inglewood,USA,70240,30.0,3,Michael Oliver,3.9,2,9,2120.0,1950.0,0,0,26.747433264887068,27.614489548781133,758,1101,2134173029.0,634065971.0,82083578.03846154,24387152.730769232,4,3,1.8,0.0,2.6,1.0,63.6,55.4,18.8,18.8,7.6,7.0,2.4,1.8,7.6,4.6,9.2,12.0,1.8,1.4,2.2619999999999996,0.466,2.034,1.294,2,1,Regular,2.08,0.37,H
99,2026-07-11,21:00,4,1,36,Norway,NOR,UEFA,45,England,ENG,UEFA,13,Miami Stadium (Hard Rock Stadium),Miami Gardens,USA,64767,2.0,5,Clément Turpin,3.6,44,4,1775.0,2050.0,0,0,26.804191017743374,27.273205917969776,817,853,465149822.0,1321818896.0,17890377.769230768,50839188.307692304,6,5,2.4,1.8,2.2,1.0,54.0,53.4,10.0,14.4,4.8,6.4,3.0,2.4,4.0,5.6,9.4,9.6,0.8,1.6,1.834,1.376,1.816,1.172,1,2,AET,0.77,0.96,A
100,2026-07-12,01:00,4,1,37,Argentina,ARG,CONMEBOL,8,Switzerland,SUI,UEFA,12,Kansas City Stadium (Arrowhead Stadium),Kansas City,USA,76416,264.0,17,João Pinheiro,4.7,1,19,2150.0,1860.0,0,0,29.11820144263676,28.307060495972202,1267,1148,1025039444.0,357184518.0,39424594.0,13737866.076923076,5,5,2.8,1.0,1.8,0.6,58.8,51.6,14.2,13.4,6.2,5.2,1.4,3.2,4.6,5.6,10.4,11.6,2.0,0.6,2.168,0.746,1.6740000000000002,1.04,3,1,AET,2.0,0.53,H
101,2026-07-14,20:00,5,1,33,France,FRA,UEFA,29,Spain,ESP,UEFA,4,Dallas Stadium (AT&T Stadium),Arlington,USA,80000,184.0,10,Ivan Barton,5.1,3,2,2100.0,2120.0,0,0,27.001000368556838,26.747433264887068,816,758,1546204469.0,2134173029.0,59469402.65384615,82083578.03846154,5,4,2.6666666666666665,0.3333333333333333,1.8333333333333333,0.16666666666666666,57.166666666666664,64.33333333333333,18.0,18.5,7.833333333333333,7.666666666666667,1.8333333333333333,2.1666666666666665,6.833333333333333,7.166666666666667,9.166666666666666,9.833333333333334,1.5,2.0,2.28,0.65,2.231666666666667,0.45,0,2,Regular,0.3,1.63,A
102,2026-07-15,20:00,5,1,45,England,ENG,UEFA,37,Argentina,ARG,CONMEBOL,9,Atlanta Stadium (Mercedes-Benz Stadium),Atlanta,USA,71000,318.0,6,Danny Makkelie,3.8,4,1,2050.0,2150.0,0,0,27.273205917969776,29.11820144263676,853,1267,1321818896.0,1025039444.0,50839188.307692304,39424594.0,4,3,2.1666666666666665,1.0,2.8333333333333335,1.0,53.333333333333336,58.833333333333336,14.333333333333334,15.666666666666666,6.666666666666667,6.333333333333333,2.6666666666666665,1.8333333333333333,5.333333333333333,5.166666666666667,9.333333333333334,11.0,2.1666666666666665,2.3333333333333335,1.6733333333333331,1.105,2.14,0.71,1,2,Regular,0.54,1.8,A
103,2026-07-18,22:00,6,1,33,France,FRA,UEFA,45,England,ENG,UEFA,13,Miami Stadium (Hard Rock Stadium),Miami Gardens,USA,64767,2.0,7,Jesús Valenzuela,4.9,3,4,2100.0,2050.0,0,0,27.001000368556838,27.273205917969776,816,853,1546204469.0,1321818896.0,59469402.65384615,50839188.307692304,4,3,2.2857142857142856,0.5714285714285714,2.0,1.1428571428571428,55.0,50.857142857142854,16.857142857142858,13.0,7.142857142857143,6.0,1.5714285714285714,2.7142857142857144,6.142857142857143,4.714285714285714,9.142857142857142,9.571428571428571,1.8571428571428572,2.0,1.997142857142857,0.79,1.5114285714285713,1.2042857142857142,4,6,Regular,2.88,2.88,A
104,2026-07-19,20:00,7,1,29,Spain,ESP,UEFA,37,Argentina,ARG,CONMEBOL,2,New York New Jersey Stadium (MetLife Stadium),East Rutherford,USA,82500,7.0,20,Slavko Vinčić,4.1,2,1,2120.0,2150.0,0,0,26.747433264887068,29.11820144263676,758,1267,2134173029.0,1025039444.0,82083578.03846154,39424594.0,5,4,1.8571428571428572,0.14285714285714285,2.7142857142857144,1.0,63.42857142857143,59.57142857142857,17.285714285714285,15.571428571428571,6.857142857142857,6.142857142857143,2.2857142857142856,1.7142857142857142,6.285714285714286,5.285714285714286,9.714285714285714,11.571428571428571,2.4285714285714284,2.4285714285714284,2.1457142857142855,0.42857142857142855,2.0914285714285716,0.6857142857142857,1,0,AET,0.52,0.09,H
